idx	name	cid	n_inputs	n_library_spectra	n_raw_matches	n_unique_mri	folder	mode_used	domainmasst_status
1242	Sodium_Palmitate	2735111	1	690.0	53264.0	53246.0	1242_Sodium_Palmitate_e2fda730cf	fasstrecords	done
1121	Aluminum_palmitate	11144	1	690.0	53264.0	53246.0	1121_Aluminum_palmitate_e2fda730cf	fasstrecords	done
1302	Magnesium_Palmitate	9850060	1	690.0	53264.0	53246.0	1302_Magnesium_Palmitate_e2fda730cf	fasstrecords	done
716	Potassium_Palmitate	23676743	1	690.0	53264.0	53246.0	0716_Potassium_Palmitate_e2fda730cf	fasstrecords	done
553	Palmitic_Acid	985	1	690.0	53264.0	53246.0	0553_Palmitic_Acid_e2fda730cf	fasstrecords	done
293	Calcium_Palmitate	9829021	1	690.0	53264.0	53246.0	0293_Calcium_Palmitate_e2fda730cf	fasstrecords	done
1025	LTryptophan	6305	1	1623.0	52326.0	52299.0	1025_LTryptophan_0414751689	fasstrecords	done
1235	Sodium_Pantothenate	23679004	1	530.0	36344.0	36331.0	1235_Sodium_Pantothenate_47ef629dd0	fasstrecords	done
1233	Calcium_Pantothenate	443753	1	530.0	36344.0	36331.0	1233_Calcium_Pantothenate_47ef629dd0	fasstrecords	done
294	Calcium_pantothenate_chloride_	78122658	1	530.0	36344.0	36331.0	0294_Calcium_pantothenate_chloride_ea40e5ade2	fasstrecords	done
1293	Magnesium_Stearate	11177	1	316.0	36013.0	35992.0	1293_Magnesium_Stearate_49fd924b6c	fasstrecords	done
719	Potassium_Stearate	23673840	1	316.0	36013.0	35992.0	0719_Potassium_Stearate_49fd924b6c	fasstrecords	done
933	Precirol	114690	1	316.0	36013.0	35992.0	0933_Precirol_49fd924b6c	fasstrecords	done
884	Octadecanoic_acidhex2ulofuranosyl_hexopyranoside_11	303618	1	316.0	36013.0	35992.0	0884_Octadecanoic_acidhex2ulofuranosyl_hexopyranoside_11_49fd924b6c	fasstrecords	done
1089	Zinc_Stearate	11178	1	316.0	36013.0	35992.0	1089_Zinc_Stearate_49fd924b6c	fasstrecords	done
864	Sodium_Stearate	2724691	1	316.0	36013.0	35992.0	0864_Sodium_Stearate_49fd924b6c	fasstrecords	done
879	123Propanetricarboxylic_acid_2hydroxy_ester_with_123propanetriol_monooctadecanoate	62110	1	316.0	36013.0	35992.0	0879_123Propanetricarboxylic_acid_2hydroxy_ester_with_123propanetriol_monooctadecanoa_49fd924b6c	fasstrecords	done
103	Aluminum_Stearate	12496	1	316.0	36013.0	35992.0	0103_Aluminum_Stearate_49fd924b6c	fasstrecords	done
1310	Stearic_Acid	5281	1	316.0	36013.0	35992.0	1310_Stearic_Acid_49fd924b6c	fasstrecords	done
1311	Calcium_Stearate	15324	1	316.0	36013.0	35992.0	1311_Calcium_Stearate_49fd924b6c	fasstrecords	done
1284	Oleic_Acid	445639	1	571.0	25077.0	25072.0	1284_Oleic_Acid_81e6f63820	fasstrecords	done
292	Calcium_oleate	20838024	1	571.0	25077.0	25072.0	0292_Calcium_oleate_81e6f63820	fasstrecords	done
715	Potassium_Oleate	23665571	1	571.0	25077.0	25072.0	0715_Potassium_Oleate_81e6f63820	fasstrecords	done
1120	Aluminum_oleate	6433210	1	571.0	25077.0	25072.0	1120_Aluminum_oleate_81e6f63820	fasstrecords	done
1301	Magnesium_oleate	6433282	1	571.0	25077.0	25072.0	1301_Magnesium_oleate_81e6f63820	fasstrecords	done
1241	Sodium_Oleate	23665730	1	571.0	25077.0	25072.0	1241_Sodium_Oleate_81e6f63820	fasstrecords	done
632	DlPhenylalanine	994	1	1177.0	21936.0	21931.0	0632_DlPhenylalanine_4b6b1236f1	fasstrecords	done
633	LPhenylalanine	6140	1	1177.0	21936.0	21931.0	0633_LPhenylalanine_5a55901f37	fasstrecords	done
1028	LTyrosine	6057	1	1715.0	18534.0	18425.0	1028_LTyrosine_308a7d328d	fasstrecords	done
1145	Cholic_Acid	221493	1	955.0	17038.0	17033.0	1145_Cholic_Acid_f773a2297c	fasstrecords	done
1146	Deoxycholic_Acid	222528	1	472.0	16896.0	16892.0	1146_Deoxycholic_Acid_4819c74cd3	fasstrecords	done
978	Acetyl_Tributyl_Citrate	6505	1	35.0	16895.0	16888.0	0978_Acetyl_Tributyl_Citrate_fb5915c7b2	fasstrecords	done
150	LArginine	6322	1	854.0	15547.0	15539.0	0150_LArginine_6781e4a671	fasstrecords	done
1280	Sucrose	5988	1	127.0	15320.0	15315.0	1280_Sucrose_8d72547384	fasstrecords	done
289	Calcium_Laurate	9911040	1	35.0	14723.0	14715.0	0289_Calcium_Laurate_19a08fb93a	fasstrecords	done
100	Aluminum_laurate	18764696	1	35.0	14723.0	14715.0	0100_Aluminum_laurate_19a08fb93a	fasstrecords	done
1263	Lauric_Acid	3893	1	35.0	14723.0	14715.0	1263_Lauric_Acid_19a08fb93a	fasstrecords	done
1299	Lauric_acid_magnesium_salt	61320	1	35.0	14723.0	14715.0	1299_Lauric_acid_magnesium_salt_19a08fb93a	fasstrecords	done
854	Sodium_Laurate	2735067	1	35.0	14723.0	14715.0	0854_Sodium_Laurate_19a08fb93a	fasstrecords	done
710	Lauric_acid_potassium_salt	23675775	1	35.0	14723.0	14715.0	0710_Lauric_acid_potassium_salt_19a08fb93a	fasstrecords	done
1068	LHistidine	6274	1	483.0	13932.0	13930.0	1068_LHistidine_09c4fb6d4c	fasstrecords	done
681	Piperine	638024	1	204.0	12376.0	12376.0	0681_Piperine_849cc39b0a	fasstrecords	done
1283	Linoleic_Acid	5280450	1	611.0	12213.0	12212.0	1283_Linoleic_Acid_6d46181255	fasstrecords	done
1328	Ferric_linoleate	20842033	1	611.0	12213.0	12212.0	1328_Ferric_linoleate_6d46181255	fasstrecords	done
1088	Zinc_methionine_sulfate	22849947	1	1731.0	11949.0	11949.0	1088_Zinc_methionine_sulfate_13e4cd7ce8	fasstrecords	done
32	LMethionine	6137	1	1731.0	11949.0	11949.0	0032_LMethionine_13e4cd7ce8	fasstrecords	done
31	Methionine	876	1	1731.0	11949.0	11949.0	0031_Methionine_12fbb2c8e5	fasstrecords	done
976	Trehalose_dihydrate	181978	1	67.0	11725.0	11718.0	0976_Trehalose_dihydrate_59926d7203	fasstrecords	done
1187	Riboflavin	493570	1	221.0	11569.0	11565.0	1187_Riboflavin_4970c04b17	fasstrecords	done
216	Methyl_2methylbutyrate	13357	1	12.0	11452.0	11452.0	0216_Methyl_2methylbutyrate_a85a9b25fa	fasstrecords	done
1174	Isobutyl_Acetate	8038	1	10.0	11452.0	11452.0	1174_Isobutyl_Acetate_3c55cf5b66	fasstrecords	done
1213	Taurocholic_Acid	6675	1	178.0	11093.0	11084.0	1213_Taurocholic_Acid_1b34d1b76a	fasstrecords	done
869	Sodium_Taurocholate	23666345	1	178.0	11093.0	11084.0	0869_Sodium_Taurocholate_1b34d1b76a	fasstrecords	done
931	Glyceryl_Monooleate	5283468	1	33.0	10760.0	10758.0	0931_Glyceryl_Monooleate_7519a8a075	fasstrecords	done
858	Sodium_Ferulate	23669636	1	881.0	9995.0	9974.0	0858_Sodium_Ferulate_25f8cd05ad	fasstrecords	done
1265	Lauric_acid_diethanolamide	8430	1	25.0	9238.0	9231.0	1265_Lauric_acid_diethanolamide_e77febfcb7	fasstrecords	done
713	Ethylenediaminetetraacetic_acid_disodium_salt	13020083	1	55.0	9162.0	9162.0	0713_Ethylenediaminetetraacetic_acid_disodium_salt_6bfd1c3c84	fasstrecords	done
651	Edetate_Sodium	6144	1	55.0	9162.0	9162.0	0651_Edetate_Sodium_6bfd1c3c84	fasstrecords	done
717	Disodium_EDTA	9839867	1	55.0	9162.0	9162.0	0717_Disodium_EDTA_6bfd1c3c84	fasstrecords	done
716	EDTA_Na2	9902403	1	55.0	9162.0	9162.0	0716_EDTA_Na2_6bfd1c3c84	fasstrecords	done
715	Ethylenediaminetetraacetic_Acid	6049	1	55.0	9162.0	9162.0	0715_Ethylenediaminetetraacetic_Acid_6bfd1c3c84	fasstrecords	done
714	EDTA_disodium_salt	8759	1	55.0	9162.0	9162.0	0714_EDTA_disodium_salt_6bfd1c3c84	fasstrecords	done
1161	Glycocholic_Acid	10140	1	301.0	8912.0	8906.0	1161_Glycocholic_Acid_873eff9ff1	fasstrecords	done
1308	Maltose	439186	1	158.0	7845.0	7845.0	1308_Maltose_b322b32915	fasstrecords	done
1259	Lactose	440995	1	158.0	7845.0	7845.0	1259_Lactose_e1c7f7268a	fasstrecords	done
1260	betaLactose	6134	1	158.0	7845.0	7845.0	1260_betaLactose_098a8fb36f	fasstrecords	done
1251	Triethyl_Citrate	6506	1	20.0	7787.0	7787.0	1251_Triethyl_Citrate_0a2a355863	fasstrecords	done
498	Dihydroalphaionone	35821	1	4.0	7075.0	7069.0	0498_Dihydroalphaionone_87b521af20	fasstrecords	done
873	LSorbose	439192	1	45.0	6971.0	6968.0	0873_LSorbose_92fb956a3c	fasstrecords	done
1271	DFructose	2723872	1	45.0	6971.0	6968.0	1271_DFructose_32c34ab9ed	fasstrecords	done
1238	Caffeine	2519	1	316.0	6521.0	6520.0	1238_Caffeine_693364cb16	fasstrecords	done
1080	Vitamin_K	5280483	1	72.0	6381.0	6381.0	1080_Vitamin_K_4bf501ea20	fasstrecords	done
861	Ferric_Ammonium_Citrate	118984355	1	475.0	6127.0	6125.0	0861_Ferric_Ammonium_Citrate_2f39aebbda	fasstrecords	done
1198	Ferric_pyrophosphate_soluble	90465822	1	475.0	6127.0	6125.0	1198_Ferric_pyrophosphate_soluble_2f39aebbda	fasstrecords	done
1245	Potassium_Citrate	2735208	1	475.0	6127.0	6125.0	1245_Potassium_Citrate_2f39aebbda	fasstrecords	done
1252	Tricalcium_Citrate	13136	1	475.0	6127.0	6125.0	1252_Tricalcium_Citrate_2f39aebbda	fasstrecords	done
1149	Ferric_citrate	61300	1	475.0	6127.0	6125.0	1149_Ferric_citrate_2f39aebbda	fasstrecords	done
1282	Manganese_Citrate	9937209	1	475.0	6127.0	6125.0	1282_Manganese_Citrate_2f39aebbda	fasstrecords	done
1249	Trisodium_citrate	6224	1	475.0	6127.0	6125.0	1249_Trisodium_citrate_2f39aebbda	fasstrecords	done
1250	Citric_Acid	311	1	475.0	6127.0	6125.0	1250_Citric_Acid_2f39aebbda	fasstrecords	done
1156	Ferrous_Citrate	11064683	1	475.0	6127.0	6125.0	1156_Ferrous_Citrate_2f39aebbda	fasstrecords	done
113	Diammonium_Citrate	18171	1	475.0	6127.0	6125.0	0113_Diammonium_Citrate_2f39aebbda	fasstrecords	done
1331	Auryxia	4989393	1	475.0	6127.0	6125.0	1331_Auryxia_2f39aebbda	fasstrecords	done
619	Disodium_Hydrogen_Citrate	8950	1	475.0	6127.0	6125.0	0619_Disodium_Hydrogen_Citrate_2f39aebbda	fasstrecords	done
1333	Ferric_citrate_tetrahydrate	5284396	1	475.0	6127.0	6125.0	1333_Ferric_citrate_tetrahydrate_2f39aebbda	fasstrecords	done
1332	Iron_citrate	9881379	1	475.0	6127.0	6125.0	1332_Iron_citrate_2f39aebbda	fasstrecords	done
474	Dibutyl_Sebacate	7986	1	34.0	5751.0	5747.0	0474_Dibutyl_Sebacate_ddcd93175d	fasstrecords	done
452	9Decenoic_acid	61743	1	125.0	5713.0	5713.0	0452_9Decenoic_acid_923e50610c	fasstrecords	done
825	Rutin	5280805	1	557.0	5491.0	5479.0	0825_Rutin_6c8393a76c	fasstrecords	done
923	Theobromine	5429	1	132.0	5287.0	5287.0	0923_Theobromine_44a2077220	fasstrecords	done
1237	Sorbitol	5780	1	279.0	4812.0	4805.0	1237_Sorbitol_5b40d49901	fasstrecords	done
1170	Mannitol	6251	1	279.0	4812.0	4805.0	1170_Mannitol_3f375bc337	fasstrecords	done
1111	Nopol_	1272250	1	2.0	4765.0	4765.0	1111_Nopol_1dc1447fad	fasstrecords	done
0	Acesulfame_Potassium	11074431	1	54.0	4742.0	4738.0	0000_Acesulfame_Potassium_ebcfec7ca3	fasstrecords	done
425	Cystine	67678	1	333.0	4185.0	4185.0	0425_Cystine_ac19d0e742	fasstrecords	done
424	2Azaniumyl32Azaniumyl2CarboxylatoethylDisulfanylPropanoate	595	1	333.0	4185.0	4185.0	0424_2Azaniumyl32Azaniumyl2CarboxylatoethylDisulfanylPropanoate_ef0da2b3ce	fasstrecords	done
644	Dodecyl_butyrate	245572	1	4.0	4056.0	4053.0	0644_Dodecyl_butyrate_26017a4606	fasstrecords	done
850	Farnesol	445070	1	384.0	4050.0	4048.0	0850_Farnesol_40a5042641	fasstrecords	done
1314	An_inositol	892	1	57.0	3975.0	3975.0	1314_An_inositol_763689f810	fasstrecords	done
1147	DGlucose	5793	1	100.0	3845.0	3842.0	1147_DGlucose_f6c04dba60	fasstrecords	done
919	BetaDGlucose	64689	1	100.0	3845.0	3842.0	0919_BetaDGlucose_33544599f0	fasstrecords	done
932	Monostearin	24699	1	76.0	3790.0	3790.0	0932_Monostearin_5fd2a620cc	fasstrecords	done
465	Nootkatone	1268142	1	174.0	3459.0	3457.0	0465_Nootkatone_9e83cdffb6	fasstrecords	done
1265	Dextrin	62698	1	38.0	3041.0	3041.0	1265_Dextrin_743783e904	fasstrecords	done
1234	Dexpanthenol	131204	1	139.0	3023.0	3023.0	1234_Dexpanthenol_84232dbff3	fasstrecords	done
321	Caryophyllene_oxide	1742210	1	75.0	2837.0	2833.0	0321_Caryophyllene_oxide_803ae9d949	fasstrecords	done
1143	Sodium_carboxymethyl_cellulose	6328154	1	57.0	2758.0	2755.0	1143_Sodium_carboxymethyl_cellulose_31ee44640a	fasstrecords	done
1165	Invert_Sugar	21924868	1	57.0	2758.0	2755.0	1165_Invert_Sugar_43c87bd345	fasstrecords	done
32	NacetylLmethionine	448580	1	102.0	2547.0	2547.0	0032_NacetylLmethionine_00e3fb70e2	fasstrecords	done
984	Hesperidin	10621	1	1070.0	2489.0	2488.0	0984_Hesperidin_8059ec1683	fasstrecords	done
832	Sclareolide	929262	1	157.0	2206.0	2206.0	0832_Sclareolide_d32affeb05	fasstrecords	done
389	BisDgluconatokappaO1kappaO2copper	10692	1	68.0	2185.0	2182.0	0389_BisDgluconatokappaO1kappaO2copper_2a58a9e634	fasstrecords	done
114	Ammonium_gluconate	25203	1	68.0	2185.0	2182.0	0114_Ammonium_gluconate_2a58a9e634	fasstrecords	done
1262	Gluconic_acid_monopotassium_salt	16760467	1	68.0	2185.0	2182.0	1262_Gluconic_acid_monopotassium_salt_2a58a9e634	fasstrecords	done
1281	Manganese_gluconate	22988	1	68.0	2185.0	2182.0	1281_Manganese_gluconate_2a58a9e634	fasstrecords	done
1263	Magnesium_Gluconate	71587201	1	68.0	2185.0	2182.0	1263_Magnesium_Gluconate_2a58a9e634	fasstrecords	done
915	Gluconic_Acid	10690	1	68.0	2185.0	2182.0	0915_Gluconic_Acid_2a58a9e634	fasstrecords	done
1134	Calcium_Gluconate	9290	1	68.0	2185.0	2182.0	1134_Calcium_Gluconate_2a58a9e634	fasstrecords	done
1264	Sodium_Gluconate	23672301	1	68.0	2185.0	2182.0	1264_Sodium_Gluconate_2a58a9e634	fasstrecords	done
1158	Ferrous_Gluconate	23616740	1	68.0	2185.0	2182.0	1158_Ferrous_Gluconate_2a58a9e634	fasstrecords	done
1261	Zinc_Gluconate	443445	1	68.0	2185.0	2182.0	1261_Zinc_Gluconate_2a58a9e634	fasstrecords	done
1257	Propanoic_acid_33thiobis_didodecyl_ester	31250	1	8.0	2149.0	2149.0	1257_Propanoic_acid_33thiobis_didodecyl_ester_33ac6fa61b	fasstrecords	done
372	Citral	638011	1	7.0	2131.0	2129.0	0372_Citral_2da89208d3	fasstrecords	done
1231	Vitamin_D3	5280795	1	16.0	2121.0	2120.0	1231_Vitamin_D3_ba88ae3ae1	fasstrecords	done
636	deltaDodecalactone	12844	1	11.0	1963.0	1963.0	0636_deltaDodecalactone_2b64e17b9f	fasstrecords	done
101	Aluminum_Myristate	61321	1	95.0	1956.0	1956.0	0101_Aluminum_Myristate_6c71b8e3bd	fasstrecords	done
861	Sodium_Myristate	23693095	1	95.0	1956.0	1956.0	0861_Sodium_Myristate_6c71b8e3bd	fasstrecords	done
1300	Magnesium_Myristate	61326	1	95.0	1956.0	1956.0	1300_Magnesium_Myristate_6c71b8e3bd	fasstrecords	done
291	Calcium_Myristate	27178	1	95.0	1956.0	1956.0	0291_Calcium_Myristate_6c71b8e3bd	fasstrecords	done
392	Myristic_Acid	11005	1	95.0	1956.0	1956.0	0392_Myristic_Acid_6c71b8e3bd	fasstrecords	done
712	Potassium_Myristate	23686147	1	95.0	1956.0	1956.0	0712_Potassium_Myristate_6c71b8e3bd	fasstrecords	done
1186	Pyridoxine_Hydrochloride	6019	1	321.0	1843.0	1843.0	1186_Pyridoxine_Hydrochloride_62a0865f49	fasstrecords	done
1185	Pyridoxine	1054	1	321.0	1843.0	1843.0	1185_Pyridoxine_62a0865f49	fasstrecords	done
1085	2S4RPentane12345Pentol	6912	1	208.0	1769.0	1769.0	1085_2S4RPentane12345Pentol_8a147fc157	fasstrecords	done
586	Citronellic_acid	10402	1	2.0	1761.0	1761.0	0586_Citronellic_acid_9581bbec86	fasstrecords	done
1266	Dodecyl_acetate	8205	1	3.0	1736.0	1736.0	1266_Dodecyl_acetate_d333c60fe4	fasstrecords	done
1095	Syringaldehyde	8655	1	789.0	1647.0	1646.0	1095_Syringaldehyde_a743ed3a5d	fasstrecords	done
1216	AlphaTocopherol_Acetate	86472	1	9.0	1474.0	1474.0	1216_AlphaTocopherol_Acetate_b39165ef45	fasstrecords	done
305	Carnitine	10917	1	68.0	1422.0	1422.0	0305_Carnitine_f5ac764be1	fasstrecords	done
1215	Thiamine_Nitrate	10762	1	41.0	1419.0	1419.0	1215_Thiamine_Nitrate_21970e31a3	fasstrecords	done
1214	Thiamine_Hydrochloride	6202	1	41.0	1419.0	1419.0	1214_Thiamine_Hydrochloride_21970e31a3	fasstrecords	done
924	Thiamine	1130	1	41.0	1419.0	1419.0	0924_Thiamine_21970e31a3	fasstrecords	done
1110	Butylated_hydroxymethylphenol	6929	1	3.0	1351.0	1345.0	1110_Butylated_hydroxymethylphenol_d6f378adb9	fasstrecords	done
1077	4Hydroxybenzaldehyde	126	1	73.0	1326.0	1326.0	1077_4Hydroxybenzaldehyde_04d8b67c25	fasstrecords	done
826	Salicylaldehyde	6998	1	1.0	1326.0	1326.0	0826_Salicylaldehyde_53b2af5aa0	fasstrecords	done
921	LGlutamine	5961	1	151.0	1299.0	1299.0	0921_LGlutamine_f4f82f2f96	fasstrecords	done
73	Allyl_caproate	31266	1	6.0	1076.0	1076.0	0073_Allyl_caproate_4702a4f21e	fasstrecords	done
1060	Vanillic_Acid	8468	1	178.0	1074.0	1074.0	1060_Vanillic_Acid_705462eeb6	fasstrecords	done
1104	Riboflavin_5phosphate_sodium_dihydrate	23687712	1	46.0	1069.0	1069.0	1104_Riboflavin_5phosphate_sodium_dihydrate_89ab5670d8	fasstrecords	done
818	Riboflavin_5phosphate_sodium	656596	1	46.0	1069.0	1069.0	0818_Riboflavin_5phosphate_sodium_1808be1680	fasstrecords	done
1188	Flavin_Mononucleotide	643976	1	46.0	1069.0	1069.0	1188_Flavin_Mononucleotide_89ab5670d8	fasstrecords	done
659	epsilonDECALACTONE	62583	1	8.0	1055.0	1055.0	0659_epsilonDECALACTONE_59efd11337	fasstrecords	done
278	Calcium_Ascorbate	54740489	1	456.0	1004.0	1002.0	0278_Calcium_Ascorbate_ba826380b2	fasstrecords	done
1303	LAscorbic_Acid	54670067	1	456.0	1004.0	1002.0	1303_LAscorbic_Acid_ba826380b2	fasstrecords	done
1304	Erythorbic_Acid	54675810	1	456.0	1004.0	1002.0	1304_Erythorbic_Acid_233b5b2502	fasstrecords	done
1154	Ferrous_Ascorbate	86763295	1	456.0	1004.0	1002.0	1154_Ferrous_Ascorbate_ba826380b2	fasstrecords	done
1300	Sodium_Erythorbate	23683938	1	456.0	1004.0	1002.0	1300_Sodium_Erythorbate_233b5b2502	fasstrecords	done
1301	Sodium_Ascorbate	23667548	1	456.0	1004.0	1002.0	1301_Sodium_Ascorbate_ba826380b2	fasstrecords	done
980	Heptyl_heptanoate	69350	1	2.0	997.0	997.0	0980_Heptyl_heptanoate_cab473c27f	fasstrecords	done
203	Methyl_jasmonate	5281929	1	142.0	973.0	973.0	0203_Methyl_jasmonate_a855f6540e	fasstrecords	done
1112	alphaBisabolol_epi	1201551	1	83.0	969.0	967.0	1112_alphaBisabolol_epi_cded893788	fasstrecords	done
1110	alpha4Dimethylalpha4methyl3penten1yl3cyclohexene1methanol	10586	1	83.0	969.0	967.0	1110_alpha4Dimethylalpha4methyl3penten1yl3cyclohexene1methanol_65c23d6749	fasstrecords	done
1111	Levomenol	442343	1	83.0	969.0	967.0	1111_Levomenol_ef641e86ae	fasstrecords	done
1109	Bisabolol	1549992	1	83.0	969.0	967.0	1109_Bisabolol_c8fd8cf775	fasstrecords	done
812	Ethyl_Oleate	5363269	1	1.0	935.0	935.0	0812_Ethyl_Oleate_3f0232c0fd	fasstrecords	done
1236	Biotin	171548	1	393.0	928.0	927.0	1236_Biotin_90c4c0c15e	fasstrecords	done
1069	Homoeriodictyol_sodium	71587782	1	40.0	898.0	898.0	1069_Homoeriodictyol_sodium_890fdf2148	fasstrecords	done
137	Hedione	102861	1	49.0	898.0	898.0	0137_Hedione_f8df6252db	fasstrecords	done
300	DCamphor	159055	1	21.0	852.0	851.0	0300_DCamphor_3357f63d70	fasstrecords	done
630	Camphor	2537	1	21.0	852.0	851.0	0630_Camphor_e24f935bd2	fasstrecords	done
802	Quinine_Bisulfate	11949689	1	647.0	850.0	850.0	0802_Quinine_Bisulfate_3bb60fce1e	fasstrecords	done
803	Quinine_Hydrochloride	91558	1	647.0	850.0	850.0	0803_Quinine_Hydrochloride_3bb60fce1e	fasstrecords	done
804	Quinine_Sulfate	16051948	1	647.0	850.0	850.0	0804_Quinine_Sulfate_3bb60fce1e	fasstrecords	done
460	Decyl_acetate	8167	1	37.0	789.0	789.0	0460_Decyl_acetate_cc56bb0c71	fasstrecords	done
390	Myricitrin	5281673	1	243.0	774.0	774.0	0390_Myricitrin_621902f890	fasstrecords	done
267	Butylphthalide	61361	1	1.0	773.0	773.0	0267_Butylphthalide_6be2ed92ae	fasstrecords	done
831	Sclareol	163263	1	93.0	767.0	767.0	0831_Sclareol_0f869c5d78	fasstrecords	done
762	Cyclohexanecarboxamide_Nethyl5methyl21methylethyl	62907	1	37.0	759.0	759.0	0762_Cyclohexanecarboxamide_Nethyl5methyl21methylethyl_e296d41c54	fasstrecords	done
1253	Pectin	441476	1	51.0	740.0	740.0	1253_Pectin_dc10b0d7a1	fasstrecords	done
153	Aspartame	134601	1	160.0	704.0	704.0	0153_Aspartame_f97bbcfc6a	fasstrecords	done
866	Myrtenal	61130	1	2.0	697.0	697.0	0866_Myrtenal_78c3c54550	fasstrecords	done
867	Myrtenal_A	1201529	1	2.0	697.0	697.0	0867_Myrtenal_A_1337659b5f	fasstrecords	done
409	Nerolidol	5284507	1	5.0	695.0	693.0	0409_Nerolidol_853d6a8471	fasstrecords	done
308	Carveol	7438	1	3.0	677.0	677.0	0308_Carveol_82e96bbd1e	fasstrecords	done
341	Cinnamic_Acid	444539	1	339.0	664.0	664.0	0341_Cinnamic_Acid_781ff6e001	fasstrecords	done
675	BetaPinene	14896	1	16.0	644.0	644.0	0675_BetaPinene_b6dbd4e987	fasstrecords	done
674	alphaPinene	6654	1	10.0	644.0	644.0	0674_alphaPinene_52efc7a5ff	fasstrecords	done
888	Taurine	1123	1	88.0	626.0	626.0	0888_Taurine_223d9fad21	fasstrecords	done
622	Disodium_5inosinate	135414245	1	95.0	625.0	624.0	0622_Disodium_5inosinate_0d499401e8	fasstrecords	done
1323	Monosodium_Glutamate	23689119	1	206.0	603.0	603.0	1323_Monosodium_Glutamate_01412bfed6	fasstrecords	done
1321	LGlutamic_Acid	33032	1	206.0	603.0	603.0	1321_LGlutamic_Acid_01412bfed6	fasstrecords	done
1322	Glutamic_Acid_Hydrochloride	2723891	1	206.0	603.0	603.0	1322_Glutamic_Acid_Hydrochloride_01412bfed6	fasstrecords	done
1324	Monopotassium_glutamate	23695977	1	206.0	603.0	603.0	1324_Monopotassium_glutamate_01412bfed6	fasstrecords	done
285	CID_131881771	131881771	1	206.0	603.0	603.0	0285_CID_131881771_01412bfed6	fasstrecords	done
284	Calcium_glutamate	76964884	1	206.0	603.0	603.0	0284_Calcium_glutamate_01412bfed6	fasstrecords	done
283	Calcium_diglutamate	56841881	1	206.0	603.0	603.0	0283_Calcium_diglutamate_01412bfed6	fasstrecords	done
286	calciumbis2S2aminopentanedioatehydride	139033629	1	206.0	603.0	603.0	0286_calciumbis2S2aminopentanedioatehydride_01412bfed6	fasstrecords	done
1325	Ammonium_glutamate	24802175	1	206.0	603.0	603.0	1325_Ammonium_glutamate_01412bfed6	fasstrecords	done
616	Dipropyl_Adipate	7790	1	3.0	546.0	546.0	0616_Dipropyl_Adipate_1e5a364b6f	fasstrecords	done
254	Butylidenephthalide	5352899	1	4.0	493.0	493.0	0254_Butylidenephthalide_d95dbbb37b	fasstrecords	done
758	Dipropyl_disulfide	12377	1	1.0	459.0	459.0	0758_Dipropyl_disulfide_83ed5fdb7b	fasstrecords	done
1275	1Methyl4Prop1En2Ylcyclohexene	22311	1	16.0	456.0	456.0	1275_1Methyl4Prop1En2Ylcyclohexene_2366461d4b	fasstrecords	done
1276	Limonene_	439250	1	16.0	456.0	456.0	1276_Limonene_f5deacbf33	fasstrecords	done
1274	Limonene	440917	1	16.0	456.0	456.0	1274_Limonene_fee8c90207	fasstrecords	done
1091	6npentyl2Hpyran2one	33960	1	6.0	426.0	426.0	1091_6npentyl2Hpyran2one_55206e7af6	fasstrecords	done
302	Caprolactam	7768	1	16.0	393.0	393.0	0302_Caprolactam_e4dc0eada9	fasstrecords	done
301	Canthaxanthin	5281227	1	10.0	388.0	388.0	0301_Canthaxanthin_0f0873c2f8	fasstrecords	done
68	4Allyl26dimethoxyphenol	226486	1	2.0	387.0	387.0	0068_4Allyl26dimethoxyphenol_6605e01601	fasstrecords	done
670	Ethoxyquin	3293	1	36.0	370.0	370.0	0670_Ethoxyquin_a816274fbc	fasstrecords	done
848	Sodium_Dodecylbenzenesulfonate	23662403	1	1.0	358.0	358.0	0848_Sodium_Dodecylbenzenesulfonate_8ccf87b27b	fasstrecords	done
633	LIsoleucine	6306	1	169.0	357.0	357.0	0633_LIsoleucine_2473e89b5c	fasstrecords	done
632	2Amino3methylpentanoic_acid	791	1	169.0	357.0	357.0	0632_2Amino3methylpentanoic_acid_d741f25d66	fasstrecords	done
1304	Malic_Acid	525	1	460.0	351.0	351.0	1304_Malic_Acid_fe68aee4fb	fasstrecords	done
1309	LMalic_Acid	222656	1	460.0	351.0	351.0	1309_LMalic_Acid_0ccafbf9ae	fasstrecords	done
488	Diethyl_Sebacate	8049	1	3.0	337.0	337.0	0488_Diethyl_Sebacate_5bb578bc67	fasstrecords	done
288	Calcium_Lactobionate	11954336	1	5.0	331.0	331.0	0288_Calcium_Lactobionate_6ca409665f	fasstrecords	done
430	24Decadien1ol_2E4E	5362696	1	130.0	322.0	322.0	0430_24Decadien1ol_2E4E_6986575159	fasstrecords	done
279	Calcium_Benzoate	62425	1	42.0	309.0	309.0	0279_Calcium_Benzoate_fb7121a404	fasstrecords	done
1279	Benzoic_Acid	243	1	42.0	309.0	309.0	1279_Benzoic_Acid_fb7121a404	fasstrecords	done
1278	Sodium_Benzoate	517055	1	42.0	309.0	309.0	1278_Sodium_Benzoate_fb7121a404	fasstrecords	done
698	Potassium_Benzoate	23661960	1	42.0	309.0	309.0	0698_Potassium_Benzoate_fb7121a404	fasstrecords	done
432	GammaDecalactone	12813	1	6.0	272.0	272.0	0432_GammaDecalactone_ba6bfba081	fasstrecords	done
864	Folic_Acid	135398658	1	339.0	271.0	271.0	0864_Folic_Acid_6487c4e0a9	fasstrecords	done
1323	Menthol	1254	1	58.0	240.0	240.0	1323_Menthol_0fb1d6b86e	fasstrecords	done
406	Neomenthol	439263	1	58.0	240.0	240.0	0406_Neomenthol_1464b1a270	fasstrecords	done
152	Asparagine	6267	1	71.0	237.0	237.0	0152_Asparagine_449515769c	fasstrecords	done
1102	Vanillylmandelic_Acid	1245	1	49.0	233.0	233.0	1102_Vanillylmandelic_Acid_b71bb759fe	fasstrecords	done
155	Astaxanthin	5281224	1	12.0	210.0	210.0	0155_Astaxanthin_909b7c77b4	fasstrecords	done
621	Disodium_5guanylate	135414246	1	81.0	206.0	206.0	0621_Disodium_5guanylate_81243b6c4a	fasstrecords	done
1269	LLeucine	6106	1	122.0	201.0	201.0	1269_LLeucine_523006757d	fasstrecords	done
343	Cinnamyl_Alcohol	5315892	1	2.0	196.0	196.0	0343_Cinnamyl_Alcohol_b8fb4a9e1b	fasstrecords	done
44	2Acetyl2thiazoline	169110	1	4.0	194.0	194.0	0044_2Acetyl2thiazoline_6835350808	fasstrecords	done
1184	Propyl_Gallate	4947	1	49.0	172.0	172.0	1184_Propyl_Gallate_0f581661fa	fasstrecords	done
1086	DXylose	135191	1	27.0	169.0	169.0	1086_DXylose_9e587a5581	fasstrecords	done
819	DRibose	10975657	1	27.0	169.0	169.0	0819_DRibose_195ef60faf	fasstrecords	done
149	LArabinose	439195	1	27.0	169.0	169.0	0149_LArabinose_0af75d790b	fasstrecords	done
989	245Trihydroxybutyrophenone	15008	1	12.0	156.0	156.0	0989_245Trihydroxybutyrophenone_d3f0dfda00	fasstrecords	done
1306	Maltol	8369	1	78.0	154.0	154.0	1306_Maltol_5544059adf	fasstrecords	done
1027	Tyramine	5610	1	97.0	147.0	147.0	1027_Tyramine_dde8fb0cab	fasstrecords	done
140	4Methoxybenzoic_Acid	7478	1	256.0	145.0	145.0	0140_4Methoxybenzoic_Acid_cf106e4b23	fasstrecords	done
990	Trilobatin	6451798	1	29.0	134.0	134.0	0990_Trilobatin_9e62b46e69	fasstrecords	done
256	alphaKetobetamethylvaleric_acid	47	1	16.0	134.0	134.0	0256_alphaKetobetamethylvaleric_acid_d911bff8ca	fasstrecords	done
1184	EE24Decadienoic_isobutylamide	11368078	1	1.0	130.0	130.0	1184_EE24Decadienoic_isobutylamide_491e8d3915	fasstrecords	done
325	4Methyl52hydroxyethylthiazole	1136	1	36.0	128.0	128.0	0325_4Methyl52hydroxyethylthiazole_41d51fc8e8	fasstrecords	done
843	Eugenol	3314	1	9.0	117.0	117.0	0843_Eugenol_a6cae4d737	fasstrecords	done
106	4Aminobenzoic_Acid	978	1	90.0	110.0	110.0	0106_4Aminobenzoic_Acid_8729a1ec63	fasstrecords	done
1254	Propylparaben	7175	1	47.0	105.0	105.0	1254_Propylparaben_42d1e8eaf0	fasstrecords	done
599	2Phenylethanol	6054	1	6.0	103.0	103.0	0599_2Phenylethanol_00afbb87cc	fasstrecords	done
336	Enterobactin	34231	1	2.0	99.0	99.0	0336_Enterobactin_4a7775cdc3	fasstrecords	done
1083	25HFuranone	10341	1	10.0	97.0	97.0	1083_25HFuranone_3846897209	fasstrecords	done
1104	2Hydroxy4Methoxybenzaldehyde	69600	1	334.0	85.0	85.0	1104_2Hydroxy4Methoxybenzaldehyde_81981ea4ce	fasstrecords	done
154	LAspartic_Acid	5960	1	195.0	82.0	82.0	0154_LAspartic_Acid_2cfa3e10af	fasstrecords	done
1126	44Hydroxyphenyl2butanone	21648	1	10.0	81.0	81.0	1126_44Hydroxyphenyl2butanone_c56fa960f3	fasstrecords	done
981	Tridecanoic_acid	12530	1	12.0	80.0	80.0	0981_Tridecanoic_acid_91f2e922c3	fasstrecords	done
959	OCoumaric_Acid	637540	1	28.0	79.0	79.0	0959_OCoumaric_Acid_f78921c925	fasstrecords	done
559	Pentadecanoic_Acid	13849	1	106.0	79.0	79.0	0559_Pentadecanoic_Acid_fd541ab8f3	fasstrecords	done
1129	LHydroxyproline	5810	1	135.0	77.0	77.0	1129_LHydroxyproline_4da9f00993	fasstrecords	done
630	Phenyl_acetate	31229	1	1.0	75.0	75.0	0630_Phenyl_acetate_26533710c1	fasstrecords	done
67	SAllylcysteine	9793905	1	11.0	74.0	74.0	0067_SAllylcysteine_9dbf8b683c	fasstrecords	done
660	Estragole	8815	1	11.0	73.0	73.0	0660_Estragole_e19aaabc9d	fasstrecords	done
1255	Methylparaben	7456	1	34.0	70.0	70.0	1255_Methylparaben_b193b41ad1	fasstrecords	done
115	Methyl_Cinnamate	637520	1	10.0	66.0	66.0	0115_Methyl_Cinnamate_a9b824efc5	fasstrecords	done
1115	Adipic_Acid	196	1	77.0	66.0	66.0	1115_Adipic_Acid_4ffef1424e	fasstrecords	done
1302	Ascorbyl_Palmitate	54680660	1	3.0	61.0	61.0	1302_Ascorbyl_Palmitate_14a929215a	fasstrecords	done
639	4Phenyl3Buten2one	15909	1	63.0	61.0	59.0	0639_4Phenyl3Buten2one_641f567b19	fasstrecords	done
131	Amyl_heptanoate	61415	1	2.0	59.0	59.0	0131_Amyl_heptanoate_fa18bc19d1	fasstrecords	done
806	Rebaudioside_A	6918840	1	351.0	57.0	57.0	0806_Rebaudioside_A_f61e67bd76	fasstrecords	done
261	Isocaproic_acid	12587	1	11.0	56.0	56.0	0261_Isocaproic_acid_9db6a901cb	fasstrecords	done
97	dalphaTocopheryl_acid_succinate	425400	1	8.0	50.0	50.0	0097_dalphaTocopheryl_acid_succinate_cc7c3c120c	fasstrecords	done
41	pMETHOXYCINNAMALDEHYDE	641294	1	16.0	48.0	48.0	0041_pMETHOXYCINNAMALDEHYDE_83ffebfbb6	fasstrecords	done
1079	4Hydroxybenzoic_Acid	135	1	86.0	48.0	48.0	1079_4Hydroxybenzoic_Acid_35dc40998d	fasstrecords	done
1295	LLysine	5962	1	137.0	46.0	46.0	1295_LLysine_7791241ebc	fasstrecords	done
729	LProline	145742	1	103.0	43.0	43.0	0729_LProline_914dd1bf9c	fasstrecords	done
378	Citronellol	8842	1	1.0	43.0	43.0	0378_Citronellol_a1f707f823	fasstrecords	done
358	4Decenol_4Z	5362798	1	1.0	43.0	43.0	0358_4Decenol_4Z_8ff6015b18	fasstrecords	done
87	Diallyl_Sulfide	11617	1	15.0	37.0	37.0	0087_Diallyl_Sulfide_b86b23a665	fasstrecords	done
1061	Vanillin	1183	1	272.0	31.0	31.0	1061_Vanillin_babad5ffdf	fasstrecords	done
949	gammaHeptalactone	7742	1	4.0	25.0	25.0	0949_gammaHeptalactone_3cb29c46b9	fasstrecords	done
1203	Isoeugenol	853433	1	11.0	25.0	25.0	1203_Isoeugenol_4c987bfa73	fasstrecords	done
933	LThreonine	6288	1	127.0	24.0	24.0	0933_LThreonine_b0076350f7	fasstrecords	done
1091	Benzophenone	3102	1	33.0	23.0	23.0	1091_Benzophenone_113660f682	fasstrecords	done
986	Triethanolamine	7618	1	7.0	23.0	23.0	0986_Triethanolamine_5d71750266	fasstrecords	done
1016	2Hexenoic_acid_2E	5282707	1	24.0	22.0	22.0	1016_2Hexenoic_acid_2E_174795b24b	fasstrecords	done
38	4Methoxybenzaldehyde	31244	1	15.0	19.0	19.0	0038_4Methoxybenzaldehyde_a62f868f40	fasstrecords	done
395	betaCyclodextrin	444041	1	9.0	18.0	18.0	0395_betaCyclodextrin_22584443d9	fasstrecords	done
40	3Methoxybenzoic_Acid	11461	1	6.0	18.0	18.0	0040_3Methoxybenzoic_Acid_86fa0fe42e	fasstrecords	done
600	Phenethylamine	1001	1	40.0	17.0	17.0	0600_Phenethylamine_20724eb625	fasstrecords	done
576	25dimethyl4methoxy32Hfuranone	61325	1	3.0	17.0	17.0	0576_25dimethyl4methoxy32Hfuranone_d8b3e8dda2	fasstrecords	done
921	Tetramethylpyrazine	14296	1	13.0	17.0	17.0	0921_Tetramethylpyrazine_39cf590a36	fasstrecords	done
0	Menthyl_propionate	95384	1	1.0	17.0	17.0	0000_Menthyl_propionate_3f0cefc3a1	fasstrecords	done
1268	Calcium_Glycerophosphate	62820	1	20.0	16.0	16.0	1268_Calcium_Glycerophosphate_a1fb3ff24a	fasstrecords	done
516	Protocatechuic_Acid	72	1	91.0	16.0	16.0	0516_Protocatechuic_Acid_c208adb38d	fasstrecords	done
808	LRhamnose	25310	1	23.0	15.0	15.0	0808_LRhamnose_ca8dfe7e67	fasstrecords	done
770	Ethyl_Maltol	21059	1	22.0	15.0	15.0	0770_Ethyl_Maltol_c24ffa8675	fasstrecords	done
1018	Trimethylpyrazine	26808	1	9.0	14.0	14.0	1018_Trimethylpyrazine_d590d5d5a6	fasstrecords	done
1076	4Hydroxyacetophenone	7469	1	10.0	14.0	14.0	1076_4Hydroxyacetophenone_c69af49093	fasstrecords	done
42	Celestolide	61585	1	12.0	14.0	14.0	0042_Celestolide_726d7220e0	fasstrecords	done
827	Salicylic_Acid	338	1	630.0	13.0	13.0	0827_Salicylic_Acid_659f55e41a	fasstrecords	done
480	gammaOctalactone	7704	1	4.0	13.0	13.0	0480_gammaOctalactone_98c90c7e65	fasstrecords	done
886	Sucrose_Octaacetate	31340	1	5.0	13.0	13.0	0886_Sucrose_Octaacetate_9070ed7f57	fasstrecords	done
1078	3Hydroxybenzoic_Acid	7420	1	39.0	12.0	12.0	1078_3Hydroxybenzoic_Acid_8a526f99e2	fasstrecords	done
994	gammaHexalactone	12756	1	4.0	12.0	12.0	0994_gammaHexalactone_f285bcca6f	fasstrecords	done
805	Rebaudioside_C	60208888	1	8.0	11.0	11.0	0805_Rebaudioside_C_f5805bf4d3	fasstrecords	done
237	Methyl_Nicotinate	7151	1	34.0	11.0	11.0	0237_Methyl_Nicotinate_77d8a2691c	fasstrecords	done
1216	Isophorone	6544	1	62.0	10.0	10.0	1216_Isophorone_b0818422dc	fasstrecords	done
137	Anethole	637563	1	20.0	9.0	9.0	0137_Anethole_eb66b47afe	fasstrecords	done
316	Methyl_Salicylate	4133	1	8.0	8.0	8.0	0316_Methyl_Salicylate_ba32f470de	fasstrecords	done
857	FDC_yellow_6	17730	1	25.0	8.0	8.0	0857_FDC_yellow_6_2e78e81940	fasstrecords	done
407	Neotame	9810996	1	117.0	7.0	7.0	0407_Neotame_337484c930	fasstrecords	done
650	1Phenyl12propanedione	11363	1	13.0	7.0	7.0	0650_1Phenyl12propanedione_25696fa490	fasstrecords	done
56	LAlanylLGlutamine	123935	1	7.0	6.0	6.0	0056_LAlanylLGlutamine_c021e3ece2	fasstrecords	done
1205	Potassium_Sodium_Tartrate	9357	1	88.0	6.0	6.0	1205_Potassium_Sodium_Tartrate_d17663f438	fasstrecords	done
1209	Sodium_Tartrate	162637	1	88.0	6.0	6.0	1209_Sodium_Tartrate_d17663f438	fasstrecords	done
1189	Potassium_Bitartrate	23681127	1	88.0	6.0	6.0	1189_Potassium_Bitartrate_d17663f438	fasstrecords	done
405	Neohesperidin_dihydrochalcone	30231	1	108.0	6.0	6.0	0405_Neohesperidin_dihydrochalcone_a7e2c68015	fasstrecords	done
148	betaapo8CAROTENAL	5478003	1	94.0	6.0	6.0	0148_betaapo8CAROTENAL_4086705f07	fasstrecords	done
548	2Oxoglutaric_Acid	51	1	27.0	5.0	5.0	0548_2Oxoglutaric_Acid_359db12950	fasstrecords	done
311	Carvone_	7439	1	18.0	5.0	5.0	0311_Carvone_4ff9a4695b	fasstrecords	done
631	Phenylacetic_Acid	999	1	24.0	4.0	4.0	0631_Phenylacetic_Acid_cdc327033e	fasstrecords	done
204	Methyl_Laurate	8139	1	4.0	4.0	4.0	0204_Methyl_Laurate_2aceca64e0	fasstrecords	done
76	Methyl_Anthranilate	8635	1	13.0	3.0	3.0	0076_Methyl_Anthranilate_26c52a96cf	fasstrecords	done
882	Sucralose	71485	1	28.0	3.0	3.0	0882_Sucralose_343efb455c	fasstrecords	done
656	Benzenepropanoic_acid	107	1	75.0	3.0	3.0	0656_Benzenepropanoic_acid_b755fd509a	fasstrecords	done
598	26Lutidine	7937	1	16.0	3.0	3.0	0598_26Lutidine_dbfa28727e	fasstrecords	done
1059	LValine	6287	1	103.0	2.0	2.0	1059_LValine_cccbc5e72e	fasstrecords	done
1005	Hexanoic_Acid	8892	1	9.0	2.0	2.0	1005_Hexanoic_Acid_c0d22b5f44	fasstrecords	done
635	DLvaline	1182	1	103.0	2.0	2.0	0635_DLvaline_eaad6355ed	fasstrecords	done
1114	Aconitic_Acid	309	1	71.0	2.0	2.0	1114_Aconitic_Acid_88c39250da	fasstrecords	done
401	Naringin_dihydrochalcone	9894584	1	73.0	2.0	2.0	0401_Naringin_dihydrochalcone_d824c3854c	fasstrecords	done
245	Methyl_Octanoate	8091	1	3.0	2.0	2.0	0245_Methyl_Octanoate_8fd5ae8846	fasstrecords	done
102	Niacin_aluminum	16098	1	121.0	2.0	2.0	0102_Niacin_aluminum_8588624d41	fasstrecords	done
671	Phytol	5280435	1	2.0	2.0	2.0	0671_Phytol_cf7c6714d9	fasstrecords	done
1171	Nicotinic_Acid	938	1	121.0	2.0	2.0	1171_Nicotinic_Acid_8588624d41	fasstrecords	done
1172	Nicotinamide	936	1	92.0	1.0	1.0	1172_Nicotinamide_99bec20b4e	fasstrecords	done
84	1Phenylethanol	7409	1	3.0	1.0	1.0	0084_1Phenylethanol_edf995800a	fasstrecords	done
1047	10Undecen1ol	8185	1	3.0	1.0	1.0	1047_10Undecen1ol_fb51ececdc	fasstrecords	done
1099	Sweeta	21583979	1	59.0	1.0	1.0	1099_Sweeta_85287ad12c	fasstrecords	done
1098	Sodium_saccharin	656582	1	59.0	1.0	1.0	1098_Sodium_saccharin_85287ad12c	fasstrecords	done
1097	Saccharin	5143	1	59.0	1.0	1.0	1097_Saccharin_85287ad12c	fasstrecords	done
945	betaGuaiene	15560252	1	51.0	1.0	1.0	0945_betaGuaiene_7c0b7fde11	fasstrecords	done
1337	Spilanthol	5353001	1	1.0	1.0	1.0	1337_Spilanthol_e7a01fecb7	fasstrecords	done
1303	Magnolol	72300	1	446.0	1.0	1.0	1303_Magnolol_2a900b11df	fasstrecords	done
52	14Methoxyphenyl1penten3one	5803450	1	6.0	1.0	1.0	0052_14Methoxyphenyl1penten3one_0f0b005a17	fasstrecords	done
313	Carvyl_acetate	7335	1	83.0	1.0	1.0	0313_Carvyl_acetate_2e3f8508df	fasstrecords	done
838	Skatole	6736	1	19.0	1.0	1.0	0838_Skatole_84c1a1774f	fasstrecords	done
1338	N2Methylpropyl268decatrienamide_2E6E8E	11506817	1	1.0	1.0	1.0	1338_N2Methylpropyl268decatrienamide_2E6E8E_e48c869ff5	fasstrecords	done
800	Ethyl_Myristate	31283	1	3.0	1.0	1.0	0800_Ethyl_Myristate_4aba5e1889	fasstrecords	done
408	Nerol	643820	1	65.0	1.0	1.0	0408_Nerol_9b851d7a31	fasstrecords	done
105	2Aminoacetophenone	11086	1	5.0	1.0	1.0	0105_2Aminoacetophenone_c99bbd2b9a	fasstrecords	done
489	Diethyl_Succinate	31249	1	9.0	1.0	1.0	0489_Diethyl_Succinate_074467a95c	fasstrecords	done
900	Geraniol	637566	1	65.0	1.0	1.0	0900_Geraniol_b915af549f	fasstrecords	done
51	Advantame	56843846	1	289.0	1.0	1.0	0051_Advantame_20c200daf1	fasstrecords	done
52	N33Hydroxy4methoxyphenylpropylLalphaaspartylLphenylalanine_2methyl_ester	10389431	1	289.0	1.0	1.0	0052_N33Hydroxy4methoxyphenylpropylLalphaaspartylLphenylalanine_2methyl_ester_20c200daf1	fasstrecords	done
437	Nonanoic_Acid	8158	1	8.0	1.0	1.0	0437_Nonanoic_Acid_43fe0e80bb	fasstrecords	done
117	6Methylcoumarin	7092	1	34.0	1.0	1.0	0117_6Methylcoumarin_0bae08d08c	fasstrecords	done
953	pCresyl_octanoate	43046	1	5.0	1.0	1.0	0953_pCresyl_octanoate_c40b28250f	fasstrecords	done
503	3Octen1ol_3Z	5364519	1	0.0	0.0	0.0	0503_3Octen1ol_3Z_f09a1b0429		
502	2Octen4ol_2E	5366203	1	0.0	0.0	0.0	0502_2Octen4ol_2E_90a0e1eec6		
504	3Octen2ol_3E	5358336	1	0.0	0.0	0.0	0504_3Octen2ol_3E_c63e0120cb		
521	3Octyl_acetate	521238	1	1.0	0.0	0.0	0521_3Octyl_acetate_6ad80002fa	fasstrecords	skipped
522	Octyl_butyrate	61030	1	0.0	0.0	0.0	0522_Octyl_butyrate_42b5d0c61c		
520	Octyl_Acetate	8164	1	0.0	0.0	0.0	0520_Octyl_Acetate_d2b508bf7e		
517	3Octenyl_propionate_3Z	20836326	1	0.0	0.0	0.0	0517_3Octenyl_propionate_3Z_1423c1295f		
516	22Octenylcyclopentanone_E	5367848	1	0.0	0.0	0.0	0516_22Octenylcyclopentanone_E_6c8f649d0c		
523	3Octyl_butyrate	89307	1	0.0	0.0	0.0	0523_3Octyl_butyrate_c803be16f1		
519	1Octenyl_succinic_anhydride	5362721	1	0.0	0.0	0.0	0519_1Octenyl_succinic_anhydride_5f53936a78		
515	1Octen3yl_butyrate	27892	1	0.0	0.0	0.0	0515_1Octen3yl_butyrate_dbc7a61345		
518	5Octenyl_propionate_5Z	11041412	1	0.0	0.0	0.0	0518_5Octenyl_propionate_5Z_cadd9463d7		
525	3Octanol_formate	22757845	1	0.0	0.0	0.0	0525_3Octanol_formate_9fbfe3d04f		
526	Octyl_2furoate	62901	1	0.0	0.0	0.0	0526_Octyl_2furoate_097182ba90		
495	cis5Octenal	6435869	1	0.0	0.0	0.0	0495_cis5Octenal_3402585a1a		
496	6Octenal_6E	5283328	1	0.0	0.0	0.0	0496_6Octenal_6E_6369d02192		
497	trans2Octenoic_acid	5282714	1	15.0	0.0	0.0	0497_trans2Octenoic_acid_b08e70abde	fasstrecords	skipped
498	3Octenoic_acid	15307	1	0.0	0.0	0.0	0498_3Octenoic_acid_4c6921c749		
499	1Octen3Ol	18827	1	0.0	0.0	0.0	0499_1Octen3Ol_2279a5e962		
500	2Octen1ol_2Z	5364959	1	0.0	0.0	0.0	0500_2Octen1ol_2Z_4f5067a00b		
501	2Octen1ol_2E	5318599	1	0.0	0.0	0.0	0501_2Octen1ol_2E_8d8e5d1374		
524	Octyl_formate	8176	1	0.0	0.0	0.0	0524_Octyl_formate_d9eb1948fa		
476	Octafluorocyclobutane	8263	1	0.0	0.0	0.0	0476_Octafluorocyclobutane_6946417b61		
477	Octahydro48adimethyl4a2Hnaphthol	1213	1	0.0	0.0	0.0	0477_Octahydro48adimethyl4a2Hnaphthol_167b810de1		
478	Octahydrocoumarin	20487	1	0.0	0.0	0.0	0478_Octahydrocoumarin_73ab2d642a		
446	246Nonatrienal_2E4E6E	15755823	1	0.0	0.0	0.0	0446_246Nonatrienal_2E4E6E_18fbb21296		
447	246Nonatrienal	6436625	1	0.0	0.0	0.0	0447_246Nonatrienal_dd8c39cd4d		
448	2Nonenal	5283335	1	0.0	0.0	0.0	0448_2Nonenal_1ca20493c7		
449	cis6Nonenal	5362720	1	0.0	0.0	0.0	0449_cis6Nonenal_bf878f89f2		
450	1Nonene	31285	1	0.0	0.0	0.0	0450_1Nonene_e8642c1c45		
451	Nonenoic_acid	5312586	1	0.0	0.0	0.0	0451_Nonenoic_acid_742db7e886		
452	2Nonenoic_acid_gammalactone	89559	1	0.0	0.0	0.0	0452_2Nonenoic_acid_gammalactone_a5c0086574		
453	2Nonen1ol_2Z	5365027	1	0.0	0.0	0.0	0453_2Nonen1ol_2Z_ac4ebf1cdb		
454	2Nonen1ol_2E	5364941	1	0.0	0.0	0.0	0454_2Nonen1ol_2E_1f52d1972f		
455	6Nonen1ol_6Z	5362792	1	0.0	0.0	0.0	0455_6Nonen1ol_6Z_e5db320490		
456	3Nonen2one	5317045	1	0.0	0.0	0.0	0456_3Nonen2one_2d69eefded		
457	8Nonen2one	21108	1	0.0	0.0	0.0	0457_8Nonen2one_676cb05f64		
494	Z2Octenal	6427080	1	0.0	0.0	0.0	0494_Z2Octenal_2e6b18dcd6		
443	3Nonanone_1hydroxy_acetate	12678469	1	0.0	0.0	0.0	0443_3Nonanone_1hydroxy_acetate_6fa56b214d		
442	1Hydroxy3nonanone	5362570	1	0.0	0.0	0.0	0442_1Hydroxy3nonanone_7f7ea46cd5		
441	2Nonanone_propyleneglycol_acetal	246089	1	0.0	0.0	0.0	0441_2Nonanone_propyleneglycol_acetal_af7c763470		
440	3Nonanone	61235	1	0.0	0.0	0.0	0440_3Nonanone_687983e266		
439	2Nonanone	13187	1	0.0	0.0	0.0	0439_2Nonanone_166cf1e433		
438	2Nonanol	12367	1	0.0	0.0	0.0	0438_2Nonanol_ca2c87b42c		
436	19Nonanedithiol	248488	1	0.0	0.0	0.0	0436_19Nonanedithiol_37dedfe50b		
458	3Nonenyl_acetate_3Z	71586960	1	0.0	0.0	0.0	0458_3Nonenyl_acetate_3Z_baa086fbaa		
434	Nonanal_propyleneglycol_acetal	95572	1	0.0	0.0	0.0	0434_Nonanal_propyleneglycol_acetal_e968fe3263		
433	Nonanal_dimethyl_acetal	87813	1	0.0	0.0	0.0	0433_Nonanal_dimethyl_acetal_e69b104702		
432	Nonanal	31289	1	1.0	0.0	0.0	0432_Nonanal_ce548cec31	fasstrecords	skipped
431	GammaNonalactone	7710	1	0.0	0.0	0.0	0431_GammaNonalactone_cec74ca4dd		
430	36Nonadienyl_acetate_3Z6Z	71587306	1	0.0	0.0	0.0	0430_36Nonadienyl_acetate_3Z6Z_f73e73e24e		
461	3Nonanol_acetate	108518	1	0.0	0.0	0.0	0461_3Nonanol_acetate_210e86f9b4		
460	Nonyl_Acetate	8918	1	0.0	0.0	0.0	0460_Nonyl_Acetate_4eae2fc0b4		
459	6Nonenyl_acetate_6Z	5363389	1	0.0	0.0	0.0	0459_6Nonenyl_acetate_6Z_2f1c4717be		
435	14Nonanediol_diacetate	12914607	1	0.0	0.0	0.0	0435_14Nonanediol_diacetate_709740b884		
505	4Octen1ol_4Z	5352836	1	0.0	0.0	0.0	0505_4Octen1ol_4Z_64625fcc18		
506	5Octen1ol_5Z	5352837	1	0.0	0.0	0.0	0506_5Octen1ol_5Z_cf685c8a5a		
507	1Octen3one	61346	1	0.0	0.0	0.0	0507_1Octen3one_1fec8fa1ec		
508	2Octen4one	5365891	1	0.0	0.0	0.0	0508_2Octen4one_1247902519		
509	3Octen2one	5363229	1	0.0	0.0	0.0	0509_3Octen2one_706ce66e1f		
510	4Octen3one	84216	1	0.0	0.0	0.0	0510_4Octen3one_34760566d0		
479	DeltaOctalactone	12777	1	0.0	0.0	0.0	0479_DeltaOctalactone_843e7f9c70		
481	Octanal	454	1	0.0	0.0	0.0	0481_Octanal_4683152e3e		
482	11Dimethoxyoctane	61431	1	0.0	0.0	0.0	0482_11Dimethoxyoctane_1f9591c340		
483	Octanal_propyleneglycol_acetal	560109	1	0.0	0.0	0.0	0483_Octanal_propyleneglycol_acetal_3e666d93a5		
484	23Octanedione	11449	1	0.0	0.0	0.0	0484_23Octanedione_26f5a5384a		
485	45Octanedione	138508	1	0.0	0.0	0.0	0485_45Octanedione_6bfcf7e4fc		
486	18Octanedithiol	14493	1	0.0	0.0	0.0	0486_18Octanedithiol_d0037ce9ee		
487	1Octanol	957	1	0.0	0.0	0.0	0487_1Octanol_6c1788a2fe		
488	2Octanol	20083	1	0.0	0.0	0.0	0488_2Octanol_05f84c0bbd		
475	5Eocta15dien3one	5352874	1	0.0	0.0	0.0	0475_5Eocta15dien3one_fc835018ff		
474	24Octadien1ol_2E4E	6436488	1	0.0	0.0	0.0	0474_24Octadien1ol_2E4E_c197ff5b1a		
473	26Octadienal_2E6E	6365761	1	0.0	0.0	0.0	0473_26Octadienal_2E6E_dd9da88305		
472	24Octadienal_2E4E	5283329	1	0.0	0.0	0.0	0472_24Octadienal_2E4E_44ce839363		
471	Octadecylamine	15793	1	7.0	0.0	0.0	0471_Octadecylamine_70430c7a69	fasstrecords	skipped
470	9Octadecenal	5283381	1	1.0	0.0	0.0	0470_9Octadecenal_54346ed5bd	fasstrecords	skipped
469	gammaOCTADECALACTONE	10396	1	0.0	0.0	0.0	0469_gammaOCTADECALACTONE_53a4fecd1f		
468	deltaOctadecalactone	518573	1	0.0	0.0	0.0	0468_deltaOctadecalactone_bdbb074d6d		
489	3Octanol	11527	1	0.0	0.0	0.0	0489_3Octanol_a3d395af12		
466	N2Pyridin2ylethyl3pmenthanecarboxamide	56969824	1	0.0	0.0	0.0	0466_N2Pyridin2ylethyl3pmenthanecarboxamide_bcc5ac6828		
464	Nonyl_octanoate	589365	1	0.0	0.0	0.0	0464_Nonyl_octanoate_68398b7320		
463	Nonyl_isovalerate	5463914	1	0.0	0.0	0.0	0463_Nonyl_isovalerate_0554edf790		
462	1Nonanol	8914	1	0.0	0.0	0.0	0462_1Nonanol_abe6a8eadb		
493	Oct2enal	16900	1	0.0	0.0	0.0	0493_Oct2enal_29efda0de4		
492	E2Octenal	5283324	1	0.0	0.0	0.0	0492_E2Octenal_2f446522d1		
491	3Octanone	246728	1	0.0	0.0	0.0	0491_3Octanone_32b21ddf78		
490	2Octanone	8093	1	0.0	0.0	0.0	0490_2Octanone_5b9c1dab0d		
467	Ocimene	6434062	1	0.0	0.0	0.0	0467_Ocimene_e458e52553		
610	Phenethyl_Isothiocyanate	16741	1	0.0	0.0	0.0	0610_Phenethyl_Isothiocyanate_ee0b533e14		
609	Phenethyl_isobutyrate	7655	1	0.0	0.0	0.0	0609_Phenethyl_isobutyrate_f72fe0466d		
608	Phenethyl_hexanoate	61384	1	0.0	0.0	0.0	0608_Phenethyl_hexanoate_90e49ff3fe		
641	Phenyl_butyrate	20354	1	0.0	0.0	0.0	0641_Phenyl_butyrate_00f760685a		
640	1Phenyl3acetoxybutane	61517	1	0.0	0.0	0.0	0640_1Phenyl3acetoxybutane_fc0c05c824		
638	3Z4Phenyl3buten2ol	11469151	1	0.0	0.0	0.0	0638_3Z4Phenyl3buten2ol_691031833c		
637	4Phenylbut3en2ol	15172	1	0.0	0.0	0.0	0637_4Phenylbut3en2ol_9edeb00154		
636	4Phenyl3buten2ol_3E	5369489	1	0.0	0.0	0.0	0636_4Phenyl3buten2ol_3E_203d5896c6		
552	Ozone	24823	1	0.0	0.0	0.0	0552_Ozone_38abc985ab		
634	4Phenyl2butanol	61302	1	0.0	0.0	0.0	0634_4Phenyl2butanol_467cd546bc		
629	2Benzyl4methyl13dioxolane	95633	1	0.0	0.0	0.0	0629_2Benzyl4methyl13dioxolane_15b953f0a7		
628	2Phenylmethyl13dioxolane4methanol	21895	1	0.0	0.0	0.0	0628_2Phenylmethyl13dioxolane4methanol_20549d1768		
627	Phenyl_acetaldehyde_dimethyl_acetal	60995	1	2.0	0.0	0.0	0627_Phenyl_acetaldehyde_dimethyl_acetal_c058bc5eac	fasstrecords	skipped
626	Phenyl_acetaldehyde_diisobutyl_acetal	71544	1	0.0	0.0	0.0	0626_Phenyl_acetaldehyde_diisobutyl_acetal_a71791b873		
625	Phenylacetaldehyde_diethyl_acetal	80584	1	0.0	0.0	0.0	0625_Phenylacetaldehyde_diethyl_acetal_ce1ebaeef6		
624	Phenylacetaldehyde_23butylene_glycol_acetal	230525	1	0.0	0.0	0.0	0624_Phenylacetaldehyde_23butylene_glycol_acetal_9af041c27c		
657	3Phenylpropyl_acetate	31226	1	0.0	0.0	0.0	0657_3Phenylpropyl_acetate_6fcdbfb158		
635	2Phenyl2butenal	20446	1	0.0	0.0	0.0	0635_2Phenyl2butenal_a4cb8235a5		
597	alphaPHELLANDRENE	7460	1	0.0	0.0	0.0	0597_alphaPHELLANDRENE_5ac4ac1f42		
596	Perillyl_acetate	61780	1	0.0	0.0	0.0	0596_Perillyl_acetate_c3862c7e5d		
595	Perillaldehyde_propyleneglycol_acetal	71587448	1	0.0	0.0	0.0	0595_Perillaldehyde_propyleneglycol_acetal_a67c6e0e78		
594	Perillaldehyde	16441	1	3.0	0.0	0.0	0594_Perillaldehyde_1b49688d27	fasstrecords	skipped
593	Perfluorohexane	9639	1	0.0	0.0	0.0	0593_Perfluorohexane_d382b48603		
592	Peracetic_Acid	6585	1	0.0	0.0	0.0	0592_Peracetic_Acid_c34c326150		
623	Phenylacetaldehyde	998	1	1.0	0.0	0.0	0623_Phenylacetaldehyde_cc84234a93	fasstrecords	skipped
622	Phenoxyethyl_propionate	31954	1	0.0	0.0	0.0	0622_Phenoxyethyl_propionate_5773e9054d		
611	Phenylethyl_isovalerate	8792	1	0.0	0.0	0.0	0611_Phenylethyl_isovalerate_98627052f9		
620	Phenoxyacetic_Acid	19188	1	0.0	0.0	0.0	0620_Phenoxyacetic_Acid_b6723bd9c5		
619	Phenol	996	1	3.0	0.0	0.0	0619_Phenol_82b0491cd4	fasstrecords	skipped
618	Phenylethyl_tiglate	5357002	1	0.0	0.0	0.0	0618_Phenylethyl_tiglate_c2a79942d6		
617	Phenethyl_senecioate	61997	1	1.0	0.0	0.0	0617_Phenethyl_senecioate_17d4c8b511	fasstrecords	skipped
616	Phenethyl_salicylate	62332	1	0.0	0.0	0.0	0616_Phenethyl_salicylate_83f16ec6c5		
615	2Phenylethyl_propionate	31225	1	0.0	0.0	0.0	0615_2Phenylethyl_propionate_7bbeaa3288		
614	Phenethyl_phenylacetate	7601	1	0.0	0.0	0.0	0614_Phenethyl_phenylacetate_bdba6dad8c		
613	Phenethyl_octanoate	229888	1	0.0	0.0	0.0	0613_Phenethyl_octanoate_62e6dd7e9c		
612	Phenylethyl_2methylbutyrate	520148	1	0.0	0.0	0.0	0612_Phenylethyl_2methylbutyrate_8a94d538e0		
621	Phenoxyethyl_isobutyrate	61005	1	0.0	0.0	0.0	0621_Phenoxyethyl_isobutyrate_d500e557a5		
665	3Phenylpropyl_propanoate	61052	1	0.0	0.0	0.0	0665_3Phenylpropyl_propanoate_a119c46d00		
664	3Phenylpropyl_isovalerate	62578	1	0.0	0.0	0.0	0664_3Phenylpropyl_isovalerate_a0c9138f54		
663	3Phenylpropyl_isobutyrate	7662	1	0.0	0.0	0.0	0663_3Phenylpropyl_isobutyrate_68f680b48a		
662	2Phenylpropyl_isobutyrate	576240	1	0.0	0.0	0.0	0662_2Phenylpropyl_isobutyrate_0c2f109e98		
661	3Phenyl_propyl_hexanoate	221417	1	0.0	0.0	0.0	0661_3Phenyl_propyl_hexanoate_6b849f7ea6		
660	3Phenylpropyl_formate	61010	1	0.0	0.0	0.0	0660_3Phenylpropyl_formate_296fc82818		
659	3Phenylpropyl_cinnamate	5320530	1	0.0	0.0	0.0	0659_3Phenylpropyl_cinnamate_1c24df8105		
658	2Phenylpropyl_butyrate	576263	1	0.0	0.0	0.0	0658_2Phenylpropyl_butyrate_9c5bd1f73f		
655	2Phenylpropionaldehyde_dimethyl_acetal	62336	1	0.0	0.0	0.0	0655_2Phenylpropionaldehyde_dimethyl_acetal_971aaa1859		
691	13pMenthadien7al	526762	1	0.0	0.0	0.0	0691_13pMenthadien7al_3fabce74cc		
690	Piperonyl_isobutyrate	62580	1	0.0	0.0	0.0	0690_Piperonyl_isobutyrate_22851890a1		
689	Piperonyl_acetate	9473	1	0.0	0.0	0.0	0689_Piperonyl_acetate_90bee4d527		
688	Piperonal_propyleneglycol_acetal	101144	1	0.0	0.0	0.0	0688_Piperonal_propyleneglycol_acetal_c99c966368		
687	Piperonal	8438	1	0.0	0.0	0.0	0687_Piperonal_071faf6498		
686	Piperitone_L	107561	1	0.0	0.0	0.0	0686_Piperitone_L_84dfeba009		
685	Piperitone	61362	1	0.0	0.0	0.0	0685_Piperitone_75337a6554		
684	Rotundifolone	442497	1	0.0	0.0	0.0	0684_Rotundifolone_2ffe89714b		
692	PMenthane38diol	556998	1	0.0	0.0	0.0	0692_PMenthane38diol_c199f9d3c1		
654	Benzenepropanal	7707	1	0.0	0.0	0.0	0654_Benzenepropanal_3d25c90843		
653	2Phenylpropanal	7146	1	0.0	0.0	0.0	0653_2Phenylpropanal_c6a3394b51		
652	Benzenepropanol	31234	1	0.0	0.0	0.0	0652_Benzenepropanol_22bf303daf		
651	1Phenyl1propanol	7147	1	0.0	0.0	0.0	0651_1Phenyl1propanol_4eef64a201		
649	11Biphenyl2ol	7017	1	6.0	0.0	0.0	0649_11Biphenyl2ol_7b37e59d2e	fasstrecords	skipped
648	3Phenyl4pentenal	61243	1	0.0	0.0	0.0	0648_3Phenyl4pentenal_eb993fada9		
647	2Phenyl4pentenal	562563	1	0.0	0.0	0.0	0647_2Phenyl4pentenal_0d4d6602ad		
646	5Phenyl1pentanol	61523	1	0.0	0.0	0.0	0646_5Phenyl1pentanol_0eb1e24a18		
666	23PhenylpropylPyridine	459494	1	6.0	0.0	0.0	0666_23PhenylpropylPyridine_bec32e6644	fasstrecords	skipped
644	1Phenyl3methyl3pentanol	61516	1	0.0	0.0	0.0	0644_1Phenyl3methyl3pentanol_ebaa9730aa		
643	2Phenylethanethiol	78126	1	0.0	0.0	0.0	0643_2Phenylethanethiol_5ffffbe816		
642	Diphenyl_disulfide	13436	1	0.0	0.0	0.0	0642_Diphenyl_disulfide_2c72ff7c0c		
673	3Pinanone	11038	1	0.0	0.0	0.0	0673_3Pinanone_1d77097be2		
672	Phytyl_acetate	637195	1	0.0	0.0	0.0	0672_Phytyl_acetate_5fe285e8b1		
670	Phthalide	6885	1	0.0	0.0	0.0	0670_Phthalide_9a647e10f3		
669	Phosphorus_oxychloride	24813	1	0.0	0.0	0.0	0669_Phosphorus_oxychloride_3db27bd007		
668	Phenyl_Salicylate	8361	1	0.0	0.0	0.0	0668_Phenyl_Salicylate_2af22d07c5		
667	23Phenylpropyltetrahydrofuran	62490	1	0.0	0.0	0.0	0667_23Phenylpropyltetrahydrofuran_aaab5b2221		
645	1Phenyl3propylpyrazole	57320331	1	0.0	0.0	0.0	0645_1Phenyl3propylpyrazole_66ed58a46d		
527	Octyl_Gallate	61253	1	102.0	0.0	0.0	0527_Octyl_Gallate_7c9508719e	fasstrecords	skipped
558	Pentadecalactone	235414	1	43.0	0.0	0.0	0558_Pentadecalactone_82f254225b	fasstrecords	skipped
557	Pectinase_from_aspergillus_niger	87574303	1	0.0	0.0	0.0	0557_Pectinase_from_aspergillus_niger_f7cb4f5dac		
556	Paraldehyde	31264	1	0.0	0.0	0.0	0556_Paraldehyde_6555303dd1		
555	DPantothenamide	23618825	1	0.0	0.0	0.0	0555_DPantothenamide_a816814de4		
554	2Benzylsulfonyl1morpholin4ylethanone	284483	1	0.0	0.0	0.0	0554_2Benzylsulfonyl1morpholin4ylethanone_c84af22be9		
444	Nonivamide	2998	1	31.0	0.0	0.0	0444_Nonivamide_053accecde	fasstrecords	skipped
551	23HThiophenone_dihydro	13852	1	0.0	0.0	0.0	0551_23HThiophenone_dihydro_a0f042bdd3		
598	2Phenylethyl_Acetate	7654	1	0.0	0.0	0.0	0598_2Phenylethyl_Acetate_19363afa6f		
549	Phenylpyruvic_acid	997	1	28.0	0.0	0.0	0549_Phenylpyruvic_acid_8e3e159819	fasstrecords	skipped
547	Glyceryl_3oxooctanoate	133082058	1	0.0	0.0	0.0	0547_Glyceryl_3oxooctanoate_238946be57		
546	5Oxooctanoic_acid	280190	1	0.0	0.0	0.0	0546_5Oxooctanoic_acid_44b294042b		
545	Glyceryl_3oxohexanoate	133082061	1	0.0	0.0	0.0	0545_Glyceryl_3oxohexanoate_6dcb4a1795		
544	Glyceryl_3oxohexadecanoate	133082060	1	0.0	0.0	0.0	0544_Glyceryl_3oxohexadecanoate_61da396494		
543	2Oxo3ethyl4butanolide	21885350	1	0.0	0.0	0.0	0543_2Oxo3ethyl4butanolide_c892e6da41		
575	1Penten3one	15394	1	0.0	0.0	0.0	0575_1Penten3one_7154099b64		
574	2Penten1ol	5364920	1	0.0	0.0	0.0	0574_2Penten1ol_77ba2eb809		
550	Glyceryl_3oxotetradecanoate	57347404	1	0.0	0.0	0.0	0550_Glyceryl_3oxotetradecanoate_17d9f45335		
514	2Octen1yl_butyrate_2E	5362591	1	0.0	0.0	0.0	0514_2Octen1yl_butyrate_2E_3865e0c462		
513	5Octenyl_acetate_5Z	5352838	1	0.0	0.0	0.0	0513_5Octenyl_acetate_5Z_39aa58bf45		
512	2Octen1yl_acetate_2E	5463875	1	0.0	0.0	0.0	0512_2Octen1yl_acetate_2E_1f8c64572c		
511	1Octen3yl_acetate	17121	1	0.0	0.0	0.0	0511_1Octen3yl_acetate_916b7f636b		
542	Glyceryl_3oxododecanoate	57347407	1	0.0	0.0	0.0	0542_Glyceryl_3oxododecanoate_29c0f3b42d		
541	5Oxododecanoic_acid	3250790	1	0.0	0.0	0.0	0541_5Oxododecanoic_acid_093b8148c6		
540	Glyceryl_3oxodecanoate	133082059	1	0.0	0.0	0.0	0540_Glyceryl_3oxodecanoate_3cb5215cb3		
539	5Oxodecanoic_acid	69346	1	0.0	0.0	0.0	0539_5Oxodecanoic_acid_a584a6dce6		
528	Octyl_heptanoate	521326	1	0.0	0.0	0.0	0528_Octyl_heptanoate_ca0fa85f48		
537	Orin_lactone	9942315	1	0.0	0.0	0.0	0537_Orin_lactone_12b38a64d2		
536	Oleyl_Alcohol	5284499	1	0.0	0.0	0.0	0536_Oleyl_Alcohol_8283103f32		
535	OEthyl_S2furylmethylthiocarbonate	15540144	1	0.0	0.0	0.0	0535_OEthyl_S2furylmethylthiocarbonate_5728aa2bdb		
534	Octyl_propionate	61096	1	0.0	0.0	0.0	0534_Octyl_propionate_2aa0f247ae		
533	Octyl_phenylacetate	61050	1	0.0	0.0	0.0	0533_Octyl_phenylacetate_9debadce6e		
532	Octyl_caprylate	61294	1	0.0	0.0	0.0	0532_Octyl_caprylate_d7889a9774		
531	Octyl_2methylbutyrate	520455	1	0.0	0.0	0.0	0531_Octyl_2methylbutyrate_a7a8900603		
530	Octyl_isovalerate	228769	1	0.0	0.0	0.0	0530_Octyl_isovalerate_0b293c7eac		
529	Octyl_isobutyrate	61024	1	0.0	0.0	0.0	0529_Octyl_isobutyrate_1db4324dd3		
538	44Dimethoxy2butanone	228548	1	0.0	0.0	0.0	0538_44Dimethoxy2butanone_810dd0b156		
585	2Furyl_pentyl_ketone	61738	1	0.0	0.0	0.0	0585_2Furyl_pentyl_ketone_9c51df8836		
584	2Pentylfuran	19602	1	0.0	0.0	0.0	0584_2Pentylfuran_b2da3b8f0c		
583	2Pentyl_butanoate	43263	1	0.0	0.0	0.0	0583_2Pentyl_butanoate_3d7906ff1b		
582	2Pentyl1buten3one	62218	1	0.0	0.0	0.0	0582_2Pentyl1buten3one_0a80bda9a6		
581	Pentylamine	8060	1	0.0	0.0	0.0	0581_Pentylamine_db7675d507		
580	2Pentyl_acetate	12278	1	0.0	0.0	0.0	0580_2Pentyl_acetate_8cba2dad9d		
579	4Pentenyl_isothiocyanate	87436	1	0.0	0.0	0.0	0579_4Pentenyl_isothiocyanate_f7f1cc555c		
578	pent2Enyl_hexanoate_2Z	5363141	1	0.0	0.0	0.0	0578_pent2Enyl_hexanoate_2Z_d56305102f		
573	1Penten3Ol	12020	1	0.0	0.0	0.0	0573_1Penten3Ol_894c7c403d		
576	3Penten2one	637920	1	0.0	0.0	0.0	0576_3Penten2one_355aac19f4		
607	Phenethyl_2furoate	251531	1	0.0	0.0	0.0	0607_Phenethyl_2furoate_c9e2452166		
606	2Phenylethyl_formate	7711	1	0.0	0.0	0.0	0606_2Phenylethyl_formate_8abce78511		
605	Phenethyl_decanoate	112733	1	0.0	0.0	0.0	0605_Phenethyl_decanoate_cb0c602b67		
604	Phenethyl_Cinnamate	5369459	1	0.0	0.0	0.0	0604_Phenethyl_Cinnamate_6ece65eea8		
603	Phenethyl_butyrate	7658	1	0.0	0.0	0.0	0603_Phenethyl_butyrate_eafd1163c9		
602	Phenethyl_Benzoate	7194	1	0.0	0.0	0.0	0602_Phenethyl_Benzoate_821e28052f		
601	Phenethyl_anthranilate	8615	1	9.0	0.0	0.0	0601_Phenethyl_anthranilate_2ae8eba942	fasstrecords	skipped
577	4Pentenyl_acetate	74096	1	0.0	0.0	0.0	0577_4Pentenyl_acetate_faec677b2f		
572	4Pentenoic_acid	61138	1	0.0	0.0	0.0	0572_4Pentenoic_acid_43b794c4b9		
571	2Pentenoic_acid	12299	1	0.0	0.0	0.0	0571_2Pentenoic_acid_f752239319		
570	4Pentenal	16418	1	0.0	0.0	0.0	0570_4Pentenal_120ddbca58		
569	2Pentenal	12993	1	0.0	0.0	0.0	0569_2Pentenal_cddfeaf75e		
568	2Pentanoylfuran	231325	1	0.0	0.0	0.0	0568_2Pentanoylfuran_20ad7350ca		
567	2Pentanone	7895	1	2.0	0.0	0.0	0567_2Pentanone_48022b29c1	fasstrecords	skipped
566	2Pentanol	22386	1	0.0	0.0	0.0	0566_2Pentanol_33a8d17ada		
565	3Pentanethiol	69220	1	0.0	0.0	0.0	0565_3Pentanethiol_df366c9e5e		
586	5Pentyl3Hfuran2one	10725569	1	0.0	0.0	0.0	0586_5Pentyl3Hfuran2one_5758070081		
563	1Pentanethiol	8067	1	0.0	0.0	0.0	0563_1Pentanethiol_c302450d6a		
562	23Pentanedione	11747	1	0.0	0.0	0.0	0562_23Pentanedione_465cdcd5e4		
561	24Pentadienal	5986428	1	0.0	0.0	0.0	0561_24Pentadienal_fabffdf042		
560	2Pentadecanone	61303	1	0.0	0.0	0.0	0560_2Pentadecanone_f6004af0fa		
591	2Pentylthiophene	20995	1	0.0	0.0	0.0	0591_2Pentylthiophene_88561a8ea1		
590	2Pentylthiazole	22150015	1	0.0	0.0	0.0	0590_2Pentylthiazole_3dce9e76af		
589	2Pentylpyridine	16800	1	0.0	0.0	0.0	0589_2Pentylpyridine_a12ac6488b		
588	2Pentyl_2methylpentanoate	57090934	1	0.0	0.0	0.0	0588_2Pentyl_2methylpentanoate_47596a9851		
587	Dihydrojasmone	62378	1	0.0	0.0	0.0	0587_Dihydrojasmone_2600314fd7		
564	2Pentanethiol	62424	1	0.0	0.0	0.0	0564_2Pentanethiol_525a3edb52		
201	Methyl_isothiocyanate	11167	1	0.0	0.0	0.0	0201_Methyl_isothiocyanate_eba28e7b61		
234	Methyl_Myristate	31284	1	0.0	0.0	0.0	0234_Methyl_Myristate_4c5fdc6c37		
233	Methyl_4methylvalerate	17008	1	0.0	0.0	0.0	0233_Methyl_4methylvalerate_f77109b141		
232	Methyl_3methylthiopropionate	61641	1	0.0	0.0	0.0	0232_Methyl_3methylthiopropionate_0b5a453f20		
231	4Methyl2methylthiomethyl2pentenal	71587152	1	0.0	0.0	0.0	0231_4Methyl2methylthiomethyl2pentenal_736bc71bac		
230	5Methyl2methylthiomethyl2hexenal	21999737	1	0.0	0.0	0.0	0230_5Methyl2methylthiomethyl2hexenal_5b7a1f0106		
229	4Methyl2methylthiomethyl2hexenal	71587376	1	0.0	0.0	0.0	0229_4Methyl2methylthiomethyl2hexenal_c58ac2d748		
228	235Trithiahexane	93236	1	0.0	0.0	0.0	0228_235Trithiahexane_5e05e1126e		
386	lMonomenthyl_glutarate	24752885	1	0.0	0.0	0.0	0386_lMonomenthyl_glutarate_60b1b3a6a9		
226	2Methyl5methylthiofuran	61657	1	0.0	0.0	0.0	0226_2Methyl5methylthiofuran_1c4cc27b01		
225	Methyl_4methylthiobutyrate	65425	1	0.0	0.0	0.0	0225_Methyl_4methylthiobutyrate_8248a16d35		
224	Methylthiomethyl_butyrate	3018539	1	0.0	0.0	0.0	0224_Methylthiomethyl_butyrate_30b87ebb18		
223	2Methyl1methylthio2butene	5362832	1	0.0	0.0	0.0	0223_2Methyl1methylthio2butene_db0c437e86		
222	Methyl_3methylthiobutanoate	547907	1	0.0	0.0	0.0	0222_Methyl_3methylthiobutanoate_df9775c46a		
221	Methyl_methylthioacetate	85522	1	0.0	0.0	0.0	0221_Methyl_methylthioacetate_3cdf92d742		
220	Methyl_2methylphenyl_disulfide	21940939	1	0.0	0.0	0.0	0220_Methyl_2methylphenyl_disulfide_edd15d9251		
219	Methyl_2methylpentanoate	519890	1	0.0	0.0	0.0	0219_Methyl_2methylpentanoate_3e6243ee54		
227	2Methyl3methylthiofuran	526618	1	0.0	0.0	0.0	0227_2Methyl3methylthiofuran_928e33c150		
134	Amyl_methyl_disulfide	522459	1	0.0	0.0	0.0	0134_Amyl_methyl_disulfide_fc3f0ffdba		
133	Amyl_isothiocyanate	69415	1	0.0	0.0	0.0	0133_Amyl_isothiocyanate_f333b36df8		
132	Pentyl_Hexanoate	10886	1	0.0	0.0	0.0	0132_Pentyl_Hexanoate_09463b00c9		
130	Pentyl_furoate	74008	1	7.0	0.0	0.0	0130_Pentyl_furoate_8e2af2b4af	fasstrecords	skipped
218	SMethyl_4methylpentanethioate	46779070	1	0.0	0.0	0.0	0218_SMethyl_4methylpentanethioate_5b87345c62		
217	Methyl_2methyl3furyl_disulfide	47649	1	0.0	0.0	0.0	0217_Methyl_2methyl3furyl_disulfide_164b308413		
215	3Methyl23methylbut2enylfuran	84825	1	0.0	0.0	0.0	0215_3Methyl23methylbut2enylfuran_d498a2bd68		
214	Methyl_3methyl1butenyl_disulfide	71587664	1	0.0	0.0	0.0	0214_Methyl_3methyl1butenyl_disulfide_3feb0074cb		
202	Methyl_isovalerate	11160	1	10.0	0.0	0.0	0202_Methyl_isovalerate_080d37c8a2	fasstrecords	skipped
212	Methyl_Nmethylanthranilate	6826	1	0.0	0.0	0.0	0212_Methyl_Nmethylanthranilate_c3573d3740		
211	5Methoxy2methylthiazole	61976	1	0.0	0.0	0.0	0211_5Methoxy2methylthiazole_7ea26c9f4c		
210	Thymyl_methyl_ether	14104	1	0.0	0.0	0.0	0210_Thymyl_methyl_ether_fdd9b4c147		
209	Methyl_2Methoxybenzoate	61151	1	2.0	0.0	0.0	0209_Methyl_2Methoxybenzoate_1918d3f66c	fasstrecords	skipped
208	Methyl_Methacrylate	6658	1	0.0	0.0	0.0	0208_Methyl_Methacrylate_a6a3a54dd9		
207	Methyl_3mercaptobutanoate	9898836	1	0.0	0.0	0.0	0207_Methyl_3mercaptobutanoate_f43f336584		
206	Methanethiol	878	1	0.0	0.0	0.0	0206_Methanethiol_3a22ef4d24		
205	Methyl_levulinate	69354	1	0.0	0.0	0.0	0205_Methyl_levulinate_19ae251f69		
213	Smethyl_3methylbutanethioate	90246	1	0.0	0.0	0.0	0213_Smethyl_3methylbutanethioate_d3760f2ecc		
260	3Methylpentanoic_acid	7755	1	17.0	0.0	0.0	0260_3Methylpentanoic_acid_2b7a778dad	fasstrecords	skipped
259	Acetyl_isobutyryl	24115	1	0.0	0.0	0.0	0259_Acetyl_isobutyryl_17c21ba342		
258	2Methylpentaldehyde	31245	1	0.0	0.0	0.0	0258_2Methylpentaldehyde_ea027a82f1		
257	4Methyl2oxovaleric_acid	70	1	12.0	0.0	0.0	0257_4Methyl2oxovaleric_acid_cfad3219d0	fasstrecords	skipped
255	Methyl_2oxo3methylpentanoate	545106	1	0.0	0.0	0.0	0255_Methyl_2oxo3methylpentanoate_a99b0e4f52		
254	3Methyl2oxobutanoic_acid	49	1	11.0	0.0	0.0	0254_3Methyl2oxobutanoic_acid_9aad17d6dd	fasstrecords	skipped
253	Methyl_2octynoate	8092	1	0.0	0.0	0.0	0253_Methyl_2octynoate_d93bf56a09		
252	Methyl_octyl_sulfide	77289	1	0.0	0.0	0.0	0252_Methyl_octyl_sulfide_8996008a99		
250	Methyl_5octenoate_5Z	6914062	1	0.0	0.0	0.0	0250_Methyl_5octenoate_5Z_d1289a8159		
282	Methyl_phenylacetate	7559	1	2.0	0.0	0.0	0282_Methyl_phenylacetate_d5faafe22a	fasstrecords	skipped
281	Methyl_phenethyl_ether	19089	1	0.0	0.0	0.0	0281_Methyl_phenethyl_ether_09608b539b		
280	1Phenyl2propyl_butyrate	19857768	1	0.0	0.0	0.0	0280_1Phenyl2propyl_butyrate_fca6bd64cf		
279	2Phenyl1propanol	14295	1	0.0	0.0	0.0	0279_2Phenyl1propanol_611ddb8674		
278	4Methylpentyl_isovalerate	71587815	1	0.0	0.0	0.0	0278_4Methylpentyl_isovalerate_eceb9a89aa		
277	4Methyl2pentyl13dioxolane	15336	1	0.0	0.0	0.0	0277_4Methyl2pentyl13dioxolane_90ac0d568f		
276	Mesityl_oxide	8858	1	0.0	0.0	0.0	0276_Mesityl_oxide_72a186dd05		
275	4Penten2one_4methyl	19543	1	0.0	0.0	0.0	0275_4Penten2one_4methyl_2ace5239d7		
251	7Methyl3octen2one_3E	5363231	1	0.0	0.0	0.0	0251_7Methyl3octen2one_3E_12704cd026		
249	Methyl_4octenoate_Z	5352774	1	0.0	0.0	0.0	0249_Methyl_4octenoate_Z_055fd3f136		
248	Methyl_oct2enoate	5364532	1	0.0	0.0	0.0	0248_Methyl_oct2enoate_bd89240982		
247	2Methyl2octenal_2E	5362580	1	0.0	0.0	0.0	0247_2Methyl2octenal_2E_213aada0f1		
246	4Methyloctanoic_acid	62089	1	0.0	0.0	0.0	0246_4Methyloctanoic_acid_e92d9577f4		
244	2Methyloctanal	24583	1	0.0	0.0	0.0	0244_2Methyloctanal_232e16a06e		
243	Methyl_2nonynoate	8137	1	0.0	0.0	0.0	0243_Methyl_2nonynoate_c3bce36fd6		
242	Methyl_3nonenoate	61631	1	0.0	0.0	0.0	0242_Methyl_3nonenoate_a37f90e409		
241	Methyl_2nonenoate	5368076	1	0.0	0.0	0.0	0241_Methyl_2nonenoate_4b511b626f		
262	3Methyl1pentanol	11508	1	0.0	0.0	0.0	0262_3Methyl1pentanol_dc54f21d33		
239	Methyl_nonanoate	15606	1	3.0	0.0	0.0	0239_Methyl_nonanoate_766a10ee5c	fasstrecords	skipped
238	3Methyl24nonanedione	529481	1	0.0	0.0	0.0	0238_3Methyl24nonanedione_52e4503bfd		
236	2Acetylnaphthalene	7122	1	16.0	0.0	0.0	0236_2Acetylnaphthalene_53c3af7e6a	fasstrecords	skipped
235	1Methylnaphthalene	7002	1	0.0	0.0	0.0	0235_1Methylnaphthalene_3ad78bc6cb		
266	Methyl_4pentenoate	543664	1	0.0	0.0	0.0	0266_Methyl_4pentenoate_db92be400b		
265	4Methyl2pentenal	5916154	1	0.0	0.0	0.0	0265_4Methyl2pentenal_3a69158a73		
264	2Methyl2pentenal	12177	1	0.0	0.0	0.0	0264_2Methyl2pentenal_9181fb36bb		
263	4Methyl4methylthio2pentanone	4682590	1	0.0	0.0	0.0	0263_4Methyl4methylthio2pentanone_d302f79eb5		
240	4Methylnonanoic_acid	62003	1	0.0	0.0	0.0	0240_4Methylnonanoic_acid_6615f733a3		
166	42Methyl3furylthio5nonanone	62182	1	0.0	0.0	0.0	0166_42Methyl3furylthio5nonanone_beaa790bdf		
165	32Methyl3furylthio4heptanone	43598	1	0.0	0.0	0.0	0165_32Methyl3furylthio4heptanone_18db0edd19		
164	32Methyl3furylthiobutanal	71587866	1	0.0	0.0	0.0	0164_32Methyl3furylthiobutanal_7e9e55f72c		
163	35Methyl2furylprop2enal	11434978	1	0.0	0.0	0.0	0163_35Methyl2furylprop2enal_87579dcccb		
162	2Methyl3methylsulfanylmethyldisulfanylfuran	71587703	1	0.0	0.0	0.0	0162_2Methyl3methylsulfanylmethyldisulfanylfuran_aa506afe90		
161	2Methyl3furyl_2methyl3tetrahydrofuryl_disulfide	71587678	1	0.0	0.0	0.0	0161_2Methyl3furyl_2methyl3tetrahydrofuryl_disulfide_0e848be474		
160	35Methyl2furylbutanal	3578033	1	0.0	0.0	0.0	0160_35Methyl2furylbutanal_ec239a91a7		
159	Methyl_2furoate	11902	1	0.0	0.0	0.0	0159_Methyl_2furoate_0db1de40ef		
135	Pentyl_octanoate	61185	1	0.0	0.0	0.0	0135_Pentyl_octanoate_6de05815f8		
157	5Methyl2furanmethanethiol	521873	1	0.0	0.0	0.0	0157_5Methyl2furanmethanethiol_223e8b566e		
156	Furfuryl_methyl_disulfide	62131	1	0.0	0.0	0.0	0156_Furfuryl_methyl_disulfide_92e1208ba2		
155	5Methylfurfuryl_alcohol	520911	1	0.0	0.0	0.0	0155_5Methylfurfuryl_alcohol_a455597eb8		
154	5Methylfurfural	12097	1	7.0	0.0	0.0	0154_5Methylfurfural_caa9203b69	fasstrecords	skipped
153	2Propenoic_acid_32furanyl_methyl_ester	5355414	1	0.0	0.0	0.0	0153_2Propenoic_acid_32furanyl_methyl_ester_afd1b2c3b7		
184	Methyl_3hexenoate	61311	1	0.0	0.0	0.0	0184_Methyl_3hexenoate_9d9dc6faba		
183	Methyl_2hexenoate	61310	1	0.0	0.0	0.0	0183_Methyl_2hexenoate_5f1ae1bcd0		
182	5Methylhexanoic_acid	12344	1	0.0	0.0	0.0	0182_5Methylhexanoic_acid_3f996376dd		
158	Methyl_3furfurylthiopropionate	15225386	1	0.0	0.0	0.0	0158_Methyl_3furfurylthiopropionate_95bcce9148		
152	2Methyl3furanthiol	34286	1	0.0	0.0	0.0	0152_2Methyl3furanthiol_62cefa6566		
151	5Methylfuran3one	12711594	1	0.0	0.0	0.0	0151_5Methylfuran3one_5ff902ac11		
150	2Methylfuran	10797	1	0.0	0.0	0.0	0150_2Methylfuran_35be47f042		
149	Methyl_nformylanthranilate	162458	1	0.0	0.0	0.0	0149_Methyl_nformylanthranilate_79449a468a		
148	Ethyl_methyl_trisulfide	525358	1	0.0	0.0	0.0	0148_Ethyl_methyl_trisulfide_984cc67bbe		
147	Ethyl_methyl_sulfide	12230	1	0.0	0.0	0.0	0147_Ethyl_methyl_sulfide_d93d7a8fc5		
146	334Methylenedioxyphenyl2methylpropanal	64805	1	0.0	0.0	0.0	0146_334Methylenedioxyphenyl2methylpropanal_83aadb3f46		
145	413Benzodioxol5yl2butanone	62098	1	0.0	0.0	0.0	0145_413Benzodioxol5yl2butanone_96b05742fa		
167	6Methyl35heptadien2one	5370101	1	0.0	0.0	0.0	0167_6Methyl35heptadien2one_ad1f799162		
143	1Methyldithio2propanone	22952976	1	0.0	0.0	0.0	0143_1Methyldithio2propanone_a6a1fbc432		
142	2Methyl13dithiolane	21828	1	0.0	0.0	0.0	0142_2Methyl13dithiolane_5ba9245ce9		
141	Dimethyl_Disulfide	12232	1	0.0	0.0	0.0	0141_Dimethyl_Disulfide_7d8cb779f8		
140	Methyl_37dimethyl6octenoate	14718574	1	0.0	0.0	0.0	0140_Methyl_37dimethyl6octenoate_8999516dd3		
139	Methyl_NNdimethylanthranilate	82336	1	0.0	0.0	0.0	0139_Methyl_NNdimethylanthranilate_0ecfb0feea		
138	4Methyl26dimethoxyphenol	240925	1	2.0	0.0	0.0	0138_4Methyl26dimethoxyphenol_125b03ffd6	fasstrecords	skipped
136	45Dihydro2methyl3furanthiol	526177	1	0.0	0.0	0.0	0136_45Dihydro2methyl3furanthiol_382e0c492f		
168	6Methylheptanal	104307	1	0.0	0.0	0.0	0168_6Methylheptanal_816d93bf64		
144	Dichloromethane	6344	1	0.0	0.0	0.0	0144_Dichloromethane_a910e51b8e		
193	Methyl_2hydroxy4methylpentanoate	62908	1	0.0	0.0	0.0	0193_Methyl_2hydroxy4methylpentanoate_831addd3d3		
192	Methyl_3hydroxyhexanoate	519845	1	0.0	0.0	0.0	0192_Methyl_3hydroxyhexanoate_01950f3c0e		
191	Methyl_3hydroxybutyrate	15146	1	0.0	0.0	0.0	0191_Methyl_3hydroxybutyrate_0f836fa06f		
190	1Methyl1Hpyrrole2carbaldehyde	14504	1	0.0	0.0	0.0	0190_1Methyl1Hpyrrole2carbaldehyde_c27660644d		
189	Hexyl_methyl_ether	78484	1	0.0	0.0	0.0	0189_Hexyl_methyl_ether_184c4d8b8e		
188	5Methylhexyl_acetate	22182954	1	0.0	0.0	0.0	0188_5Methylhexyl_acetate_03b2628fe6		
187	5Methyl5hexen2one	228604	1	0.0	0.0	0.0	0187_5Methyl5hexen2one_237fd20f05		
186	5Methyl3hexen2one	5363140	1	0.0	0.0	0.0	0186_5Methyl3hexen2one_eb248bd005		
181	2Methylhexanoic_Acid	20653	1	0.0	0.0	0.0	0181_2Methylhexanoic_Acid_6ad66ccf63		
145	4Methoxybenzyl_formate	61054	1	0.0	0.0	0.0	0145_4Methoxybenzyl_formate_504d77dd41		
144	Anisyl_butyrate	243675	1	0.0	0.0	0.0	0144_Anisyl_butyrate_3106954a44		
143	4Methoxybenzyl_alcohol	7738	1	11.0	0.0	0.0	0143_4Methoxybenzyl_alcohol_09b8e71853	fasstrecords	skipped
142	4Methoxybenzyl_acetate	7695	1	0.0	0.0	0.0	0142_4Methoxybenzyl_acetate_fd8154c932		
141	Anisole	7519	1	0.0	0.0	0.0	0141_Anisole_d85965b591		
139	Anisaldehyde_propyleneglycol_acetal	98081	1	0.0	0.0	0.0	0139_Anisaldehyde_propyleneglycol_acetal_c433312755		
138	4Hydroxy2pentenoic_acid_gammalactone	11558	1	0.0	0.0	0.0	0138_4Hydroxy2pentenoic_acid_gammalactone_007795faf4		
136	Amyl_Salicylate	16299	1	0.0	0.0	0.0	0136_Amyl_Salicylate_5cdf21f3dd		
185	Methyl_3hexenoate_3Z	5362819	1	0.0	0.0	0.0	0185_Methyl_3hexenoate_3Z_68907b120a		
180	Methyl_hexanoate	7824	1	0.0	0.0	0.0	0180_Methyl_hexanoate_eac07f6bf9		
179	SMethyl_hexanethioate	75515	1	0.0	0.0	0.0	0179_SMethyl_hexanethioate_04602e6a16		
178	5Methyl23hexanedione	26204	1	0.0	0.0	0.0	0178_5Methyl23hexanedione_ab9f3f644c		
177	3Methylhexanal	140511	1	0.0	0.0	0.0	0177_3Methylhexanal_619373286e		
176	6Methyl5hepten2yl_acetate	87947	1	0.0	0.0	0.0	0176_6Methyl5hepten2yl_acetate_dafd1522bf		
175	6Methyl5hepten2one	9862	1	0.0	0.0	0.0	0175_6Methyl5hepten2one_6090a68e38		
174	6Methyl3hepten2one_3E	5462986	1	0.0	0.0	0.0	0174_6Methyl3hepten2one_3E_102d2a77f7		
173	5Methyl2hepten4one	5362588	1	0.0	0.0	0.0	0173_5Methyl2hepten4one_5f4dc2df01		
194	32Mercapto1methylpropylthio2butanol	62090	1	0.0	0.0	0.0	0194_32Mercapto1methylpropylthio2butanol_2893152094		
171	2Methyl3heptanone	25611	1	0.0	0.0	0.0	0171_2Methyl3heptanone_d6768b269f		
170	2Methylheptanoic_acid	14475	1	0.0	0.0	0.0	0170_2Methylheptanoic_acid_99cba50793		
169	Methyl_heptanoate	7826	1	0.0	0.0	0.0	0169_Methyl_heptanoate_00c41e03d6		
200	2Isopropyl5methylpyrazine	61700	1	0.0	0.0	0.0	0200_2Isopropyl5methylpyrazine_e067a9126d		
199	Methyl_isopentyl_disulfide	534377	1	0.0	0.0	0.0	0199_Methyl_isopentyl_disulfide_ffb9788926		
198	Methyl_isobutyrate	11039	1	0.0	0.0	0.0	0198_Methyl_isobutyrate_cb4a9b0468		
197	Methyl_Isobutyl_Ketone	7909	1	0.0	0.0	0.0	0197_Methyl_Isobutyl_Ketone_54af572f4a		
196	Methyl_isobutanethioate	537722	1	0.0	0.0	0.0	0196_Methyl_isobutanethioate_7450a9082a		
195	Beta_methyl_ionone	5375218	1	0.0	0.0	0.0	0195_Beta_methyl_ionone_ad6b0070c5		
172	6Methyl5hepten2ol	20745	1	0.0	0.0	0.0	0172_6Methyl5hepten2ol_8eee621529		
372	3Methyl124trithiane	65290	1	0.0	0.0	0.0	0372_3Methyl124trithiane_6c88f3e65f		
371	12Methyltridecanal	3018619	1	0.0	0.0	0.0	0371_12Methyltridecanal_fe3954a4d4		
370	3Methylthiopropyl_mercaptoacetate	46779104	1	0.0	0.0	0.0	0370_3Methylthiopropyl_mercaptoacetate_d0a9a4d8d5		
369	3Methylthiopropyl_isothiocyanate	62351	1	0.0	0.0	0.0	0369_3Methylthiopropyl_isothiocyanate_56258877cb		
368	3Methylthiopropyl_hexanoate	46779102	1	0.0	0.0	0.0	0368_3Methylthiopropyl_hexanoate_4c277fc2ae		
367	3Methylthiopropylamine	77743	1	1.0	0.0	0.0	0367_3Methylthiopropylamine_f60a5a572f	fasstrecords	skipped
366	3Methylthiopropyl_acetate	85519	1	0.0	0.0	0.0	0366_3Methylthiopropyl_acetate_2298125f9c		
365	Methional	18635	1	0.0	0.0	0.0	0365_Methional_efa1cb504e		
274	4Methyl2pentenoic_acid	12216200	1	0.0	0.0	0.0	0274_4Methyl2pentenoic_acid_0b0598c062		
363	oMethylthiophenol	61261	1	0.0	0.0	0.0	0363_oMethylthiophenol_5caadfd5c4		
396	2Naphthalenethiol	7058	1	0.0	0.0	0.0	0396_2Naphthalenethiol_35917eb032		
395	Myrtenyl_acetate	11435490	1	0.0	0.0	0.0	0395_Myrtenyl_acetate_1eaf713a8f		
394	Myrtenol	10582	1	0.0	0.0	0.0	0394_Myrtenol_ce0b8b4886		
393	1Tetradecanol	8209	1	0.0	0.0	0.0	0393_1Tetradecanol_2235dfdcf6		
391	Tetradecanal	31291	1	0.0	0.0	0.0	0391_Tetradecanal_15da48960e		
389	Myrcenyl_methyl_ether	71356702	1	0.0	0.0	0.0	0389_Myrcenyl_methyl_ether_a7cd9b9ed5		
388	Morpholine	8083	1	2.0	0.0	0.0	0388_Morpholine_f2e3942321	fasstrecords	skipped
364	1Methylthio2propanone	6430713	1	0.0	0.0	0.0	0364_1Methylthio2propanone_fb9ed9b7ee		
358	1Methylthio3octanone	528762	1	0.0	0.0	0.0	0358_1Methylthio3octanone_44e37aaa09		
357	3Methylthiomethylthiophene	20158044	1	0.0	0.0	0.0	0357_3Methylthiomethylthiophene_d2989dbf31		
356	2Methylthiomethyl3phenyl2propenal	20381858	1	0.0	0.0	0.0	0356_2Methylthiomethyl3phenyl2propenal_3fc424307d		
355	Methylthiomethanethiol	122370	1	0.0	0.0	0.0	0355_Methylthiomethanethiol_1a518e3ba3		
354	Methylthiomethyl_hexanoate	173312	1	0.0	0.0	0.0	0354_Methylthiomethyl_hexanoate_a6da1a0556		
353	2Methylthiomethyl2butenal	6435925	1	0.0	0.0	0.0	0353_2Methylthiomethyl2butenal_d535a76c8d		
352	6Methylthiohexyl_isothiocyanate	165224	1	0.0	0.0	0.0	0352_6Methylthiohexyl_isothiocyanate_8d98774644		
351	3Methylthiohexyl_acetate	62013	1	0.0	0.0	0.0	0351_3Methylthiohexyl_acetate_2946409d28		
373	2Methylundecanal	61031	1	0.0	0.0	0.0	0373_2Methylundecanal_445e4da686		
349	Methyl_2thiofuroate	61662	1	0.0	0.0	0.0	0349_Methyl_2thiofuroate_a6526558c2		
348	2Methylthioethyl_acetate	4447651	1	0.0	0.0	0.0	0348_2Methylthioethyl_acetate_54a03d0055		
347	2Methylthioethanol	78925	1	0.0	0.0	0.0	0347_2Methylthioethanol_44d9e19237		
378	2Methylvaleric_acid	7341	1	0.0	0.0	0.0	0378_2Methylvaleric_acid_e417c852c2		
377	Methyl_valerate	12206	1	9.0	0.0	0.0	0377_Methyl_valerate_78673ebba2	fasstrecords	skipped
376	Methyl_2undecynoate	61524	1	0.0	0.0	0.0	0376_Methyl_2undecynoate_be18df468f		
375	Methyl_9undecenoate	6435903	1	0.0	0.0	0.0	0375_Methyl_9undecenoate_40f184c370		
374	Methyl_10undecenoate	8138	1	0.0	0.0	0.0	0374_Methyl_10undecenoate_e3161804c5		
350	3Methylthio1hexanol	65413	1	0.0	0.0	0.0	0350_3Methylthio1hexanol_7d88f8e9ce		
429	36Nonadienyl_acetate_3E6Z	71587638	1	0.0	0.0	0.0	0429_36Nonadienyl_acetate_3E6Z_31e6f41a7a		
428	Nonadienyl_acetate_2E6Z	5363120	1	0.0	0.0	0.0	0428_Nonadienyl_acetate_2E6Z_638589789d		
427	26Nonadien1ol	34134	1	2.0	0.0	0.0	0427_26Nonadien1ol_dc28c7b7f7	fasstrecords	skipped
426	24Nonadien1ol	112492	1	0.0	0.0	0.0	0426_24Nonadien1ol_84060f31fd		
425	26Nonadienal_diethyl_acetal	6437114	1	0.0	0.0	0.0	0425_26Nonadienal_diethyl_acetal_ea423449fb		
424	2Z6ZNona26dienal	88369124	1	0.0	0.0	0.0	0424_2Z6ZNona26dienal_3bbd9de386		
423	EE26Nonadienal	636687	1	0.0	0.0	0.0	0423_EE26Nonadienal_28da0f5ef9		
422	2Z4ENona24Dienal	6428555	1	0.0	0.0	0.0	0422_2Z4ENona24Dienal_a50a28efa7		
387	Monomenthyl_succinate_	11219061	1	0.0	0.0	0.0	0387_Monomenthyl_succinate_abf7885a00		
420	24Nonadienal	5283339	1	0.0	0.0	0.0	0420_24Nonadienal_8a7f3f7198		
419	Nitrous_Oxide	948	1	0.0	0.0	0.0	0419_Nitrous_Oxide_0920bf9ff5		
418	Nitrosyl_chloride	17601	1	0.0	0.0	0.0	0418_Nitrosyl_chloride_d56d3fb008		
417	N2Hydroxyethyl23dimethyl2isopropylbutanamide	22182807	1	0.0	0.0	0.0	0417_N2Hydroxyethyl23dimethyl2isopropylbutanamide_e4ea82dfdf		
416	NEthyl22diisopropylbutanamide	3016598	1	0.0	0.0	0.0	0416_NEthyl22diisopropylbutanamide_39ded40cd0		
415	Neryl_propionate	5365982	1	0.0	0.0	0.0	0415_Neryl_propionate_688477df7e		
414	Neryl_isovalerate	6429039	1	0.0	0.0	0.0	0414_Neryl_isovalerate_141388e372		
445	Nona246trienal	92083	1	0.0	0.0	0.0	0445_Nona246trienal_cc35ab3b48		
421	Nona24dienal	23203	1	0.0	0.0	0.0	0421_Nona24dienal_30ddb61a5d		
683	7Oxabicyclo410heptan2one_6methyl31methylethylidene	61942	1	0.0	0.0	0.0	0683_7Oxabicyclo410heptan2one_6methyl31methylethylidene_d3f34d79fd		
385	1Isopropyl_citrate	9816081	1	0.0	0.0	0.0	0385_1Isopropyl_citrate_7837a8eee3		
384	Glyceryl_monocitrate	3033853	1	0.0	0.0	0.0	0384_Glyceryl_monocitrate_25749aa5dd		
383	Ethanolamine	700	1	0.0	0.0	0.0	0383_Ethanolamine_4976275c1b		
382	Menthalactone	94349	1	0.0	0.0	0.0	0382_Menthalactone_a73a1f26dd		
381	Micagroup_minerals	131842327	1	0.0	0.0	0.0	0381_Micagroup_minerals_34f8371601		
380	4Methyl5vinylthiazole	15654	1	0.0	0.0	0.0	0380_4Methyl5vinylthiazole_8bf964c85d		
379	2Methyl5vinylpyrazine	26335	1	0.0	0.0	0.0	0379_2Methyl5vinylpyrazine_780716c8c8		
397	betaNAPHTHYL_ANTHRANILATE	62217	1	8.0	0.0	0.0	0397_betaNAPHTHYL_ANTHRANILATE_855496726c	fasstrecords	skipped
412	Neryl_formate	5354882	1	0.0	0.0	0.0	0412_Neryl_formate_25b70448a5		
411	Neryl_butyrate	5352162	1	0.0	0.0	0.0	0411_Neryl_butyrate_1cd5924c7d		
410	Neryl_acetate	1549025	1	85.0	0.0	0.0	0410_Neryl_acetate_8b75970b10	fasstrecords	skipped
404	N11Dimethyl2hydroxyethyl22diethylbutanamide	20565975;72941560	2	0.0	0.0	0.0	0404_N11Dimethyl2hydroxyethyl22diethylbutanamide_098202489c		
403	Methane	297	1	0.0	0.0	0.0	0403_Methane_6b23c0d5f3		
402	Natamycin	5284447	1	10.0	0.0	0.0	0402_Natamycin_2ce796d07d	fasstrecords	skipped
400	2Methoxynaphthalene	7119	1	0.0	0.0	0.0	0400_2Methoxynaphthalene_98afba486d		
399	22Methylpropoxynaphthalene	16582	1	0.0	0.0	0.0	0399_22Methylpropoxynaphthalene_fa88ab2902		
398	2Ethoxynaphthalene	7129	1	0.0	0.0	0.0	0398_2Ethoxynaphthalene_0ba2eecc54		
413	Neryl_isobutyrate	5365991	1	0.0	0.0	0.0	0413_Neryl_isobutyrate_a02a404424		
287	3Methyl2phenylbutyraldehyde	12255414	1	0.0	0.0	0.0	0287_3Methyl2phenylbutyraldehyde_3b61275655		
286	2Methyl4phenylbutyraldehyde	62911	1	0.0	0.0	0.0	0286_2Methyl4phenylbutyraldehyde_ab502e4d50		
285	11Dimethyl3phenylpropyl_isobutyrate	61446	1	0.0	0.0	0.0	0285_11Dimethyl3phenylpropyl_isobutyrate_551212da24		
284	2Methyl4phenyl2butyl_acetate	7633	1	0.0	0.0	0.0	0284_2Methyl4phenyl2butyl_acetate_dfe6d74ed8		
283	2Methyl4phenyl2butanol	7632	1	0.0	0.0	0.0	0283_2Methyl4phenyl2butanol_24e0e8deb9		
314	6Methylquinoline	7059	1	0.0	0.0	0.0	0314_6Methylquinoline_03d6676327		
313	2Acetylpyrrole	14079	1	3.0	0.0	0.0	0313_2Acetylpyrrole_c8c586b465	fasstrecords	skipped
312	2Methylpyrazine	7976	1	0.0	0.0	0.0	0312_2Methylpyrazine_006b382f87		
359	4Methylthio2oxobutyric_acid	473	1	0.0	0.0	0.0	0359_4Methylthio2oxobutyric_acid_18e195fd9d		
310	21Methylpropylthiazole	519539	1	0.0	0.0	0.0	0310_21Methylpropylthiazole_42c6bd086f		
309	3Isobutyl_pyridine	61715	1	0.0	0.0	0.0	0309_3Isobutyl_pyridine_481aeec004		
308	2Isobutylpyridine	61385	1	0.0	0.0	0.0	0308_2Isobutylpyridine_edd9f6dd54		
307	cis2Methyl4propyl13oxathiane	101010	1	0.0	0.0	0.0	0307_cis2Methyl4propyl13oxathiane_281462506c		
306	Isobutyl_isovalerate	11514	1	0.0	0.0	0.0	0306_Isobutyl_isovalerate_77d3824a0e		
305	Methyl_propyl_disulfide	16592	1	0.0	0.0	0.0	0305_Methyl_propyl_disulfide_093c7131fb		
304	3Methyl5propylcyclohex2en1one	3782139	1	0.0	0.0	0.0	0304_3Methyl5propylcyclohex2en1one_b05c453e28		
303	Methyl_propionate	11124	1	0.0	0.0	0.0	0303_Methyl_propionate_ccc51878be		
311	Methyl_propyl_trisulfide	5319765	1	0.0	0.0	0.0	0311_Methyl_propyl_trisulfide_66c88dd244		
273	2Methyl4pentenoic_acid	549519	1	5.0	0.0	0.0	0273_2Methyl4pentenoic_acid_51184b5bd1	fasstrecords	skipped
272	2Methyl3pentenoic_acid_3Z	71587183	1	0.0	0.0	0.0	0272_2Methyl3pentenoic_acid_3Z_1c71c2f2d1		
271	2Methylpent3enoic_acid	61969	1	0.0	0.0	0.0	0271_2Methylpent3enoic_acid_842f9d8c09		
270	2Methyl3pentenoic_acid_3E	6435866	1	0.0	0.0	0.0	0270_2Methyl3pentenoic_acid_3E_24b5771b9f		
269	2Methyl2pentenoic_acid_2Z	6436344	1	0.0	0.0	0.0	0269_2Methyl2pentenoic_acid_2Z_9dbd13004f		
268	2Methylpent2en1oic_acid	18458	1	0.0	0.0	0.0	0268_2Methylpent2en1oic_acid_ceffbc7fca		
267	2Methyl2pentenoic_acid	5365909	1	0.0	0.0	0.0	0267_2Methyl2pentenoic_acid_533ccb6bbf		
298	2Methyldithioisobutyraldehyde	106217	1	0.0	0.0	0.0	0298_2Methyldithioisobutyraldehyde_8fdaf2c43c		
288	Methyl_4Phenylbutyrate	281254	1	0.0	0.0	0.0	0288_Methyl_4Phenylbutyrate_06de5582bd		
296	Thioanisole	7520	1	0.0	0.0	0.0	0296_Thioanisole_92cbfa4bd7		
295	Methyl_3phenylpropionate	7643	1	0.0	0.0	0.0	0295_Methyl_3phenylpropionate_e5d63a0729		
294	4Methyl2phenyl2pentenal	5363896	1	0.0	0.0	0.0	0294_4Methyl2phenyl2pentenal_6e8c9e9a1f		
293	4Methyl1phenyl2pentanone	219672	1	0.0	0.0	0.0	0293_4Methyl1phenyl2pentanone_8739241669		
292	5Methyl2phenyl2hexenal	5370602	1	0.0	0.0	0.0	0292_5Methyl2phenyl2hexenal_3fe59e4333		
291	Ethyl_3methyl3phenylglycidate	6501	1	0.0	0.0	0.0	0291_Ethyl_3methyl3phenylglycidate_3d5232120d		
290	METHYL_betaPHENYLGLYCIDATE	86834	1	0.0	0.0	0.0	0290_METHYL_betaPHENYLGLYCIDATE_1b67c3e3e1		
289	Methyl_phenyl_disulfide	84234	1	0.0	0.0	0.0	0289_Methyl_phenyl_disulfide_3e03719b4a		
297	2Methylpiperidine	7974	1	0.0	0.0	0.0	0297_2Methylpiperidine_048db17673		
344	Erucin	78160	1	0.0	0.0	0.0	0344_Erucin_da5c2004af		
343	4Methylthio2butanone	61922	1	0.0	0.0	0.0	0343_4Methylthio2butanone_815cf1b50c		
342	1Methylthio2butanone	61656	1	0.0	0.0	0.0	0342_1Methylthio2butanone_9d4e70247b		
341	3Methylthio2butanone	103788	1	0.0	0.0	0.0	0341_3Methylthio2butanone_3b16c8409f		
340	4Methylthiobutanol	519793	1	0.0	0.0	0.0	0340_4Methylthiobutanol_fddefb5bea		
339	3Methylthiobutanal	61845	1	0.0	0.0	0.0	0339_3Methylthiobutanal_3fe033766b		
338	SMethyl_2acetyloxypropanethioate	57509249	1	0.0	0.0	0.0	0338_SMethyl_2acetyloxypropanethioate_2dbe7550c7		
337	S45Dihydro2methyl3furanyl_ethanethioate	20831821	1	0.0	0.0	0.0	0337_S45Dihydro2methyl3furanyl_ethanethioate_2bc5ecdfdf		
302	Methyl_1propenyl_sulfide	637915	1	0.0	0.0	0.0	0302_Methyl_1propenyl_sulfide_ab23e5bd03		
335	Methylthioacetaldehyde	10887828	1	0.0	0.0	0.0	0335_Methylthioacetaldehyde_2346bb419b		
334	24Methyl5thiazolylethyl_propionate	29933357	1	0.0	0.0	0.0	0334_24Methyl5thiazolylethyl_propionate_7f5eef31c3		
333	24Methyl5thiazolylethyl_octanoate	53338773	1	0.0	0.0	0.0	0333_24Methyl5thiazolylethyl_octanoate_b2ecd2d294		
332	24Methyl5thiazolylethyl_isobutyrate	101655828	1	0.0	0.0	0.0	0332_24Methyl5thiazolylethyl_isobutyrate_6d76597797		
331	24Methyl5thiazolylethyl_hexanoate	3023839	1	0.0	0.0	0.0	0331_24Methyl5thiazolylethyl_hexanoate_247f8ddf21		
362	5Methyl2thiophenecarboxaldehyde	61663	1	0.0	0.0	0.0	0362_5Methyl2thiophenecarboxaldehyde_1ac97e6f34		
361	Berteroin	206037	1	0.0	0.0	0.0	0361_Berteroin_1c6127909a		
360	4Methylthio2pentanone	6428938	1	0.0	0.0	0.0	0360_4Methylthio2pentanone_978e76a24d		
336	SMethyl_thioacetate	73750	1	0.0	0.0	0.0	0336_SMethyl_thioacetate_9248c77668		
301	Methyl_propenyl_disulfide	5366552	1	0.0	0.0	0.0	0301_Methyl_propenyl_disulfide_02d9779702		
300	Isobutyl_mercaptan	10558	1	0.0	0.0	0.0	0300_Isobutyl_mercaptan_ae31319a82		
299	SMethyl_propanethioate	521869	1	0.0	0.0	0.0	0299_SMethyl_propanethioate_bae78a34ef		
330	24Methyl5thiazolylethyl_formate	12833143	1	0.0	0.0	0.0	0330_24Methyl5thiazolylethyl_formate_fab848ce92		
329	24Methyl5thiazolylethyl_decanoate	44182035	1	0.0	0.0	0.0	0329_24Methyl5thiazolylethyl_decanoate_e807c2dee8		
328	24Methyl5thiazolylethyl_butanoate	3023838	1	0.0	0.0	0.0	0328_24Methyl5thiazolylethyl_butanoate_ee077d7419		
327	4Methyl3thiazoline	526661	1	0.0	0.0	0.0	0327_4Methyl3thiazoline_51afff9fce		
326	4Methyl5thiazoleethanol_acetate	61192	1	0.0	0.0	0.0	0326_4Methyl5thiazoleethanol_acetate_b5940afd7c		
345	Smethyl_butanethioate	62444	1	0.0	0.0	0.0	0345_Smethyl_butanethioate_01b4ba223e		
323	Dihydro2methyl32Hthiophenone	61664	1	0.0	0.0	0.0	0323_Dihydro2methyl32Hthiophenone_e5c6080006		
322	7Methyl44a56tetrahydro23Hnaphthalenone	61935	1	0.0	0.0	0.0	0322_7Methyl44a56tetrahydro23Hnaphthalenone_24a17836ee		
321	Tetrahydro2methyl3furanthiol	62128	1	0.0	0.0	0.0	0321_Tetrahydro2methyl3furanthiol_b7dd5e8beb		
320	Dihydro2methyl32Hfuranone	18522	1	0.0	0.0	0.0	0320_Dihydro2methyl32Hfuranone_7a60201c12		
319	Methyl_ptertbutylphenylacetate	605629	1	2.0	0.0	0.0	0319_Methyl_ptertbutylphenylacetate_d679f477a0	fasstrecords	skipped
318	Dimethyl_Sulfide	1068	1	0.0	0.0	0.0	0318_Dimethyl_Sulfide_eb5350fc44		
317	Methyl_sorbate	5323650	1	0.0	0.0	0.0	0317_Methyl_sorbate_c8634f042f		
315	5Methylquinoxaline	61670	1	0.0	0.0	0.0	0315_5Methylquinoxaline_84055e73bb		
346	13Methylthiobutyryl266trimethylcyclohexene	20332432	1	0.0	0.0	0.0	0346_13Methylthiobutyryl266trimethylcyclohexene_64f2f2a8d7		
324	4Methylthiazole	12748	1	0.0	0.0	0.0	0324_4Methylthiazole_e1fe71a526		
1122	Potassium_Alum	24856	1	0.0	0.0	0.0	1122_Potassium_Alum_7283160152		
1119	Aluminum_Hydroxide	10176082	1	0.0	0.0	0.0	1119_Aluminum_Hydroxide_c4694f2e93		
1118	Ammonium_aluminum_sulfate	3032540	1	0.0	0.0	0.0	1118_Ammonium_aluminum_sulfate_7283160152		
1117	Allyl_Isothiocyanate	5971	1	0.0	0.0	0.0	1117_Allyl_Isothiocyanate_43d3a9abd9		
1116	Agar	71571511	1	0.0	0.0	0.0	1116_Agar_b7ec0b3697		
1113	Acetic_Acid	176	1	0.0	0.0	0.0	1113_Acetic_Acid_b00014bedb		
1108	Nitrogen	947	1	0.0	0.0	0.0	1108_Nitrogen_0a993f0f56		
1107	Dioctyl_Sodium_Sulfosuccinate	517065	1	0.0	0.0	0.0	1107_Dioctyl_Sodium_Sulfosuccinate_6ffdb7c55a		
709	Potassium_Lactate	23671663	1	26.0	0.0	0.0	0709_Potassium_Lactate_524d12ecf0	fasstrecords	skipped
1105	Ethyl_ptolyloxyacetate	4047281	1	0.0	0.0	0.0	1105_Ethyl_ptolyloxyacetate_51925b72ad		
1103	Sodium_2ethylhexyl_sulfate	24181097	1	3.0	0.0	0.0	1103_Sodium_2ethylhexyl_sulfate_f9e10a0243	fasstrecords	skipped
1102	1Octene	8125	1	0.0	0.0	0.0	1102_1Octene_db30093b3a		
1101	22Dibromo3nitrilopropionamide	25059	1	0.0	0.0	0.0	1101_22Dibromo3nitrilopropionamide_b0bf8f2a44		
1100	CI_Solvent_Red_80	22830	1	0.0	0.0	0.0	1100_CI_Solvent_Red_80_2b425001b6		
1139	Tricalcium_Phosphate	24456	1	6.0	0.0	0.0	1139_Tricalcium_Phosphate_4332f3bd63	fasstrecords	skipped
1138	Calcium_Dihydrogen_Phosphate	24454	1	6.0	0.0	0.0	1138_Calcium_Dihydrogen_Phosphate_4332f3bd63	fasstrecords	skipped
1137	Calcium_hydrogen_phosphate	24441	1	6.0	0.0	0.0	1137_Calcium_hydrogen_phosphate_4332f3bd63	fasstrecords	skipped
1106	1Hydroxy4methyl2pentanone	13294594	1	0.0	0.0	0.0	1106_1Hydroxy4methyl2pentanone_03cd7306b4		
89	Allyl_thiopropionate	61995	1	0.0	0.0	0.0	0089_Allyl_thiopropionate_6523141a67		
88	Allyl_thiohexanoate	71587538	1	0.0	0.0	0.0	0088_Allyl_thiohexanoate_219050e981		
86	Allyl_sorbate	6435833	1	0.0	0.0	0.0	0086_Allyl_sorbate_2e772099d1		
85	Allyl_propyl_disulfide	16591	1	0.0	0.0	0.0	0085_Allyl_propyl_disulfide_9cbc0a777a		
84	Allyl_propionate	61319	1	0.0	0.0	0.0	0084_Allyl_propionate_50cdd1cf29		
83	Allyl_phenylacetate	15717	1	0.0	0.0	0.0	0083_Allyl_phenylacetate_39cb478bbe		
82	Allyl_phenoxyacetate	24117	1	0.0	0.0	0.0	0082_Allyl_phenoxyacetate_03471812ed		
1096	Fumaric_Acid	444972	1	483.0	0.0	0.0	1096_Fumaric_Acid_a7dbaf4da6	fasstrecords	skipped
1081	Xanthophyll	5368396	1	60.0	0.0	0.0	1081_Xanthophyll_f7ba78f047	fasstrecords	skipped
1094	Pyridine	1049	1	2.0	0.0	0.0	1094_Pyridine_75c7a4b0b4	fasstrecords	skipped
1093	Pulegone	442495	1	0.0	0.0	0.0	1093_Pulegone_0e0c00073e		
1092	Myrcene	31253	1	300.0	0.0	0.0	1092_Myrcene_755e43768b	fasstrecords	skipped
1090	Zingerone	31211	1	59.0	0.0	0.0	1090_Zingerone_48aa73f46a	fasstrecords	skipped
1087	Sodium_ferrocyanide	26129	1	0.0	0.0	0.0	1087_Sodium_ferrocyanide_2e683ad43b		
1084	34Dimethylphenol	7249	1	0.0	0.0	0.0	1084_34Dimethylphenol_efbf1bd3f7		
1083	26Dimethylphenol	11335	1	0.0	0.0	0.0	1083_26Dimethylphenol_637d03ff98		
1082	25Dimethylphenol	7267	1	0.0	0.0	0.0	1082_25Dimethylphenol_98151f13c1		
1095	Calcium_Sulfate	24497	1	0.0	0.0	0.0	1095_Calcium_Sulfate_7283160152		
71	Allyl_furoate	61337	1	0.0	0.0	0.0	0071_Allyl_furoate_97b829ea18		
70	Allyl_2ethylbutyrate	61408	1	0.0	0.0	0.0	0070_Allyl_2ethylbutyrate_eca42d7171		
69	Diallyl_Disulfide	16590	1	1.0	0.0	0.0	0069_Diallyl_Disulfide_eaab3cf351	fasstrecords	skipped
66	Allyl_cyclohexanevalerate	61407	1	0.0	0.0	0.0	0066_Allyl_cyclohexanevalerate_b3099a81f2		
1144	BetaCarotene	5280489	1	94.0	0.0	0.0	1144_BetaCarotene_4211365770	fasstrecords	skipped
1142	Carbon_Dioxide	280	1	0.0	0.0	0.0	1142_Carbon_Dioxide_3c0ce9eb48		
1141	Calcium_pyrophosphate_Ca2P2O7	24632	1	0.0	0.0	0.0	1141_Calcium_pyrophosphate_Ca2P2O7_d6646ff3c2		
1140	Hexacalcium_cyclohexane123456hexayl_hexakisphosphate	24495	1	685.0	0.0	0.0	1140_Hexacalcium_cyclohexane123456hexayl_hexakisphosphate_d14159d84f	fasstrecords	skipped
1136	Calcium_Lactate	13144	1	26.0	0.0	0.0	1136_Calcium_Lactate_524d12ecf0	fasstrecords	skipped
1166	Iron	23925	1	0.0	0.0	0.0	1166_Iron_75ca5ddd2d		
1164	Hydrogen_Peroxide	784	1	0.0	0.0	0.0	1164_Hydrogen_Peroxide_8bb7518fd7		
1163	Helium	23987	1	0.0	0.0	0.0	1163_Helium_ea4ebdc667		
1162	Ammonium_Glycyrrhizate	62074	1	0.0	0.0	0.0	1162_Ammonium_Glycyrrhizate_f0c84019bf		
1160	Ferrous_Sulfate	24393	1	0.0	0.0	0.0	1160_Ferrous_Sulfate_7283160152		
1159	Ferrous_Lactate	22197	1	26.0	0.0	0.0	1159_Ferrous_Lactate_524d12ecf0	fasstrecords	skipped
1157	Ferrous_Fumarate	6433164	1	483.0	0.0	0.0	1157_Ferrous_Fumarate_a7dbaf4da6	fasstrecords	skipped
1155	Ferrous_Carbonate	11248	1	0.0	0.0	0.0	1155_Ferrous_Carbonate_ec36fd9b85		
1167	Iron_oxide	123289	1	0.0	0.0	0.0	1167_Iron_oxide_3327ebcb26		
1135	metaphosphoric_acid_h6p6o18_calcium_salt	61479	1	0.0	0.0	0.0	1135_metaphosphoric_acid_h6p6o18_calcium_salt_89e7fac414		
1133	Calcium_Chloride	5284359	1	0.0	0.0	0.0	1133_Calcium_Chloride_561732356b		
1132	Calcium_Acetate	6116	1	0.0	0.0	0.0	1132_Calcium_Acetate_b00014bedb		
1131	Ammonium_Sulfate	6097028	1	0.0	0.0	0.0	1131_Ammonium_Sulfate_7283160152		
1130	Ammonium_dihydrogen_phosphate	24402	1	6.0	0.0	0.0	1130_Ammonium_dihydrogen_phosphate_4332f3bd63	fasstrecords	skipped
1129	Diammonium_hydrogen_phosphate	24540	1	6.0	0.0	0.0	1129_Diammonium_hydrogen_phosphate_4332f3bd63	fasstrecords	skipped
1128	Ammonium_Hydroxide	14923	1	0.0	0.0	0.0	1128_Ammonium_Hydroxide_8ce86a6ae6		
1127	Ammonium_Chloride	25517	1	0.0	0.0	0.0	1127_Ammonium_Chloride_8ce86a6ae6		
72	Allyl_Heptanoate	8878	1	0.0	0.0	0.0	0072_Allyl_Heptanoate_c63ec018d7		
1125	Ammonium_Bicarbonate	14013	1	0.0	0.0	0.0	1125_Ammonium_Bicarbonate_ec36fd9b85		
1124	Aluminum_Sulfate	24850	1	0.0	0.0	0.0	1124_Aluminum_Sulfate_7283160152		
1123	Aluminum_sodium_sulfate	24939	1	0.0	0.0	0.0	1123_Aluminum_sodium_sulfate_7283160152		
79	Allyl_nonanoate	61410	1	0.0	0.0	0.0	0079_Allyl_nonanoate_fac83a6b3d		
78	Methylallyl_trisulfide	61926	1	0.0	0.0	0.0	0078_Methylallyl_trisulfide_ced8773702		
77	Allyl_methyl_disulfide	62434	1	0.0	0.0	0.0	0077_Allyl_methyl_disulfide_4eb22d8f16		
76	Allyl_Mercaptan	13367	1	0.0	0.0	0.0	0076_Allyl_Mercaptan_98a96cfe18		
75	Allyl_isovalerate	17816	1	0.0	0.0	0.0	0075_Allyl_isovalerate_32b615175c		
74	Allyl_hexenoate	11812127	1	0.0	0.0	0.0	0074_Allyl_hexenoate_a80d96ce45		
1126	Ammonium_Carbonate	517111	1	0.0	0.0	0.0	1126_Ammonium_Carbonate_8ce86a6ae6		
1015	234Trimethyl3pentanol	520484	1	0.0	0.0	0.0	1015_234Trimethyl3pentanol_d3a20aa280		
1014	Farnesyl_acetone	1711945	1	0.0	0.0	0.0	1014_Farnesyl_acetone_fe140ebd13		
1013	245Trimethyl3oxazoline	31492	1	0.0	0.0	0.0	1013_245Trimethyl3oxazoline_8a3b4ee870		
1046	Undecylenic_Acid	5634	1	45.0	0.0	0.0	1046_Undecylenic_Acid_0eed0fe475	fasstrecords	skipped
1045	9Undecenal	6431148	1	0.0	0.0	0.0	1045_9Undecenal_3c96e548dd		
1044	2Undecenal	62447	1	0.0	0.0	0.0	1044_2Undecenal_d800e76bef		
1043	10Undecenal	8187	1	0.0	0.0	0.0	1043_10Undecenal_ba2834ce55		
1042	E4Undecenal	5283357	1	0.0	0.0	0.0	1042_E4Undecenal_b96304badb		
90	Allyl_tiglate	5364729	1	0.0	0.0	0.0	0090_Allyl_tiglate_4a667146ed		
1040	1357Undecatetraene	53930276	1	0.0	0.0	0.0	1040_1357Undecatetraene_75b734ea9a		
1039	2Undecanone	8163	1	0.0	0.0	0.0	1039_2Undecanone_61fcff3887		
1038	2Undecanol	15448	1	0.0	0.0	0.0	1038_2Undecanol_55fc75b229		
1037	Undecanoic_Acid	8180	1	22.0	0.0	0.0	1037_Undecanoic_Acid_21c1a14b72	fasstrecords	skipped
1036	2Decyl4methyl13dioxolane	229153	1	0.0	0.0	0.0	1036_2Decyl4methyl13dioxolane_1b437a7b48		
1035	Undecanal	8186	1	0.0	0.0	0.0	1035_Undecanal_23c3110680		
1034	Gammaundecalactone	7714	1	0.0	0.0	0.0	1034_Gammaundecalactone_abf426e920		
1033	Acetyl_nonyryl	61404	1	0.0	0.0	0.0	1033_Acetyl_nonyryl_a84e330120		
1041	135Undecatriene	61832	1	0.0	0.0	0.0	1041_135Undecatriene_5bcbac30f6		
1004	Farnesyl_acetate	94403	1	0.0	0.0	0.0	1004_Farnesyl_acetate_138f1f0516		
1003	4223Trimethylcyclopentylbutanoic_acid	25099817	1	0.0	0.0	0.0	1003_4223Trimethylcyclopentylbutanoic_acid_d19701465c		
1002	alphaCampholenal	1252759	1	0.0	0.0	0.0	1002_alphaCampholenal_bef52424b0		
1001	335Trimethylcyclohexyl_acetate	106917	1	0.0	0.0	0.0	1001_335Trimethylcyclohexyl_acetate_efcc5118a3		
1000	betaDAMASCONE	5374527	1	0.0	0.0	0.0	1000_betaDAMASCONE_ac892452b7		
999	Ketoisophorone	62374	1	0.0	0.0	0.0	0999_Ketoisophorone_af41550b82		
998	betaHOMOCYCLOCITRAL	61124	1	0.0	0.0	0.0	0998_betaHOMOCYCLOCITRAL_8674242e20		
997	226Trimethylcyclohexanone	17000	1	0.0	0.0	0.0	0997_226Trimethylcyclohexanone_a8e4c479ff		
1016	236Trimethylphenol	17016	1	0.0	0.0	0.0	1016_236Trimethylphenol_8060d702e6		
1029	Tyrosine_ethyl_ester_hydrochloride	2724939	1	0.0	0.0	0.0	1029_Tyrosine_ethyl_ester_hydrochloride_3caebb3035		
1026	69Dodecadien4olide_6Z9Z	12980879	1	0.0	0.0	0.0	1026_69Dodecadien4olide_6Z9Z_9040614ce6		
1024	Trithioacetone	13233	1	0.0	0.0	0.0	1024_Trithioacetone_0e14f1ff30		
1023	246Trithiaheptane	399848	1	0.0	0.0	0.0	1023_246Trithiaheptane_70deeb7340		
1022	Trisodium_Nitrilotriacetate	21152	1	3.0	0.0	0.0	1022_Trisodium_Nitrilotriacetate_97642cc7ae	fasstrecords	skipped
1021	Tripropylamine	7616	1	4.0	0.0	0.0	1021_Tripropylamine_7c384ded8e	fasstrecords	skipped
1020	266Trimethyl2vinyltetrahydropyran	522514	1	3.0	0.0	0.0	1020_266Trimethyl2vinyltetrahydropyran_e184764296	fasstrecords	skipped
1019	245Trimethylthiazole	61653	1	0.0	0.0	0.0	1019_245Trimethylthiazole_936e204f00		
1017	246Trimethylphenol	10698	1	0.0	0.0	0.0	1017_246Trimethylphenol_ca0302c76a		
1030	CI_Pigment_Blue_29	71587188	1	0.0	0.0	0.0	1030_CI_Pigment_Blue_29_0e6d99eac2		
1074	Verbenol	61126	1	0.0	0.0	0.0	1074_Verbenol_4dda8f14d3		
1073	Veratraldehyde	8419	1	0.0	0.0	0.0	1073_Veratraldehyde_bf65008b0e		
1072	Vanillylidene_acetone	59039607	1	0.0	0.0	0.0	1072_Vanillylidene_acetone_9f41e1c2d3		
1071	44Hydroxy3methoxyphenyl3buten2one	14121	1	0.0	0.0	0.0	1071_44Hydroxy3methoxyphenyl3buten2one_6cb83da74b		
1070	Dehydrozingerone	5354238	1	0.0	0.0	0.0	1070_Dehydrozingerone_699c6b221b		
1069	Vanillyl_ethyl_ether	61586	1	0.0	0.0	0.0	1069_Vanillyl_ethyl_ether_8cf9585d0f		
1068	Vanillyl_Butyl_Ether	5084146	1	0.0	0.0	0.0	1068_Vanillyl_Butyl_Ether_18859495ce		
1067	Vanillyl_alcohol	62348	1	5.0	0.0	0.0	1067_Vanillyl_alcohol_1f7368f0f1	fasstrecords	skipped
1032	24Undecadienal	5367531	1	0.0	0.0	0.0	1032_24Undecadienal_4f02250f4e		
1065	Vanillin_3lmenthoxypropane12diol_acetal	9969062	1	0.0	0.0	0.0	1065_Vanillin_3lmenthoxypropane12diol_acetal_45e8bfd918		
1064	Vanillin_isobutyrate	539829	1	0.0	0.0	0.0	1064_Vanillin_isobutyrate_017ae6d633		
96	1Phenylethyl_2methylpropanoate	569214	1	0.0	0.0	0.0	0096_1Phenylethyl_2methylpropanoate_0bbeab4949		
95	alphaMethylbenzyl_butyrate	570574	1	0.0	0.0	0.0	0095_alphaMethylbenzyl_butyrate_324f8657de		
94	alpha2Methylpropylbenzeneethanol	62661	1	0.0	0.0	0.0	0094_alpha2Methylpropylbenzeneethanol_bdfbfc8bbe		
93	alphaPentylcinnamyl_isovalerate	6435835	1	0.0	0.0	0.0	0093_alphaPentylcinnamyl_isovalerate_1386494978		
92	Allyl_valerate	80606	1	0.0	0.0	0.0	0092_Allyl_valerate_51b380f88e		
91	Allyl_10undecenoate	61412	1	0.0	0.0	0.0	0091_Allyl_10undecenoate_7c02795d99		
1066	Vanillin_propylene_glycol_acetal	109455	1	0.0	0.0	0.0	1066_Vanillin_propylene_glycol_acetal_fb605fb946		
1031	25Undecadienal	5283358	1	0.0	0.0	0.0	1031_25Undecadienal_70933ec516		
1063	Vanillin_23butanediol_acetal	57358374	1	0.0	0.0	0.0	1063_Vanillin_23butanediol_acetal_98add60a4e		
1062	Vanillin_acetate	61229	1	13.0	0.0	0.0	1062_Vanillin_acetate_48134fbdbe	fasstrecords	skipped
1058	GammaValerolactone	7921	1	0.0	0.0	0.0	1058_GammaValerolactone_11821d89fd		
1057	Pentanoic_Acid	7991	1	16.0	0.0	0.0	1057_Pentanoic_Acid_1f6e17f209	fasstrecords	skipped
1056	Valeraldehyde_propyleneglycol_acetal	156273	1	0.0	0.0	0.0	1056_Valeraldehyde_propyleneglycol_acetal_8f517ce385		
1055	Valeraldehyde_dibutyl_acetal	22011445	1	0.0	0.0	0.0	1055_Valeraldehyde_dibutyl_acetal_8c9cadb41a		
1054	Pentanal	8063	1	0.0	0.0	0.0	1054_Pentanal_2a5ef43ae4		
1075	Verbenone_A	65724	1	0.0	0.0	0.0	1075_Verbenone_A_56c1c2a33d		
1052	Benzenesulfonic_acid_undecyl	38222	1	0.0	0.0	0.0	1052_Benzenesulfonic_acid_undecyl_f007411901		
1051	1Undecanol	8184	1	0.0	0.0	0.0	1051_1Undecanol_afcd08cbdc		
1050	10Undecen1yl_acetate	61035	1	0.0	0.0	0.0	1050_10Undecen1yl_acetate_f2fe13f1df		
1049	10Undecen2one	118928	1	0.0	0.0	0.0	1049_10Undecen2one_e8eb97180d		
1048	2Undecen1ol_2E	5365004	1	0.0	0.0	0.0	1048_2Undecen1ol_2E_102ac8a5cc		
1079	4Vinylphenol	62453	1	1.0	0.0	0.0	1079_4Vinylphenol_c1bee62404	fasstrecords	skipped
1078	Vinyl_Acetate	7904	1	0.0	0.0	0.0	1078_Vinyl_Acetate_0f1111070b		
1077	Vetivert_acetate	8347	1	0.0	0.0	0.0	1077_Vetivert_acetate_b27fb6acbe		
1076	Vetiverol	101549	1	0.0	0.0	0.0	1076_Vetiverol_431528a8a9		
1053	Valencene	9855795	1	0.0	0.0	0.0	1053_Valencene_0ac941acfc		
1273	Calcium_Hydroxide	6093208	1	0.0	0.0	0.0	1273_Calcium_Hydroxide_c4694f2e93		
1272	Potassium_hypophosphite	23714733	1	0.0	0.0	0.0	1272_Potassium_hypophosphite_953e2549f7		
1271	Sodium_hypophosphite	23675242	1	0.0	0.0	0.0	1271_Sodium_hypophosphite_d6abd18854		
1270	Manganese_hypophosphite	118984371	1	0.0	0.0	0.0	1270_Manganese_hypophosphite_d6abd18854		
1269	Magnesium_glycerophosphate	10012877	1	17.0	0.0	0.0	1269_Magnesium_glycerophosphate_496a9d7b4d	fasstrecords	skipped
1267	Manganese_glycerophosphate	14844	1	0.0	0.0	0.0	1267_Manganese_glycerophosphate_30ba459ec6		
1266	Potassium_glycerophosphate	80278	1	17.0	0.0	0.0	1266_Potassium_glycerophosphate_496a9d7b4d	fasstrecords	skipped
1260	Propionic_Acid	1032	1	0.0	0.0	0.0	1260_Propionic_Acid_5a66bc5908		
1153	Ferric_Sulfate	24826	1	0.0	0.0	0.0	1153_Ferric_Sulfate_7283160152		
28	2Acetyl4isopropenylpyridine	529344	1	0.0	0.0	0.0	0028_2Acetyl4isopropenylpyridine_9ea725d87c		
27	2Acetyl3ethylpyrazine	61918	1	0.0	0.0	0.0	0027_2Acetyl3ethylpyrazine_403c927408		
26	4Acetyl25dimethyl32Hfuranone	53426546	1	0.0	0.0	0.0	0026_4Acetyl25dimethyl32Hfuranone_3efdd93bb6		
25	3Acetyl25dimethylfuran	61527	1	3.0	0.0	0.0	0025_3Acetyl25dimethylfuran_9cac6edef8	fasstrecords	skipped
24	2Acetyl35dimethylfuran	579675	1	0.0	0.0	0.0	0024_2Acetyl35dimethylfuran_f75df1dc5f		
23	5Acetyl23dihydro14thiazine	526853	1	0.0	0.0	0.0	0023_5Acetyl23dihydro14thiazine_c82cef254e		
22	4pACETOXYPHENYL2BUTANONE	19137	1	3.0	0.0	0.0	0022_4pACETOXYPHENYL2BUTANONE_9b0c75e4f1	fasstrecords	skipped
21	4acetoxy25dimethyl32Hfuranone	61334	1	0.0	0.0	0.0	0021_4acetoxy25dimethyl32Hfuranone_2f78d679db		
1259	Calcium_propionate	19999	1	0.0	0.0	0.0	1259_Calcium_propionate_5a66bc5908		
1228	Cuprous_iodide	6432705	1	0.0	0.0	0.0	1228_Cuprous_iodide_a83dd0ccbf		
1227	Hydrochloric_Acid	313	1	0.0	0.0	0.0	1227_Hydrochloric_Acid_68bd1bd95b		
1258	Sodium_Propionate	2723816	1	0.0	0.0	0.0	1258_Sodium_Propionate_5a66bc5908		
1256	Thiodipropionic_Acid	8096	1	5.0	0.0	0.0	1256_Thiodipropionic_Acid_1f92e4b4fc	fasstrecords	skipped
1248	Isopropyl_Citrate	61986	1	0.0	0.0	0.0	1248_Isopropyl_Citrate_553b285732		
1247	Monostearyl_citrate	16204528	1	0.0	0.0	0.0	1247_Monostearyl_citrate_b7df63abec		
1246	Citric_acid_1stearyl_ester	11612014	1	0.0	0.0	0.0	1246_Citric_acid_1stearyl_ester_b7df63abec		
1244	Sodium_Hydroxide	14798	1	0.0	0.0	0.0	1244_Sodium_Hydroxide_c4694f2e93		
1274	Calcium_Oxide	14778	1	0.0	0.0	0.0	1274_Calcium_Oxide_3a4fa2520a		
49	Carbon	5462310	1	0.0	0.0	0.0	0049_Carbon_ae343ec350		
48	AcrylamideSodium_Acrylate_Copolymer	23687247	1	4.0	0.0	0.0	0048_AcrylamideSodium_Acrylate_Copolymer_70c3bf5054	fasstrecords	skipped
47	Acrylamideacrylic_acid_resin	62693	1	4.0	0.0	0.0	0047_Acrylamideacrylic_acid_resin_70c3bf5054	fasstrecords	skipped
46	Acrolein	7847	1	0.0	0.0	0.0	0046_Acrolein_48017807e0		
45	3Acetylthio2methylfuran	108765	1	0.0	0.0	0.0	0045_3Acetylthio2methylfuran_bdbe7ec6f5		
43	2Acetylthiazole	520108	1	0.0	0.0	0.0	0043_2Acetylthiazole_a174d0b28b		
1277	Sodium_Formate	2723810	1	0.0	0.0	0.0	1277_Sodium_Formate_a59673533f		
1276	Ethyl_formate	8025	1	0.0	0.0	0.0	1276_Ethyl_formate_8f276e0250		
1275	Formic_Acid	284	1	0.0	0.0	0.0	1275_Formic_Acid_a59673533f		
1243	Potassium_Hydroxide	14797	1	0.0	0.0	0.0	1243_Potassium_Hydroxide_c4694f2e93		
6	Acetaldehyde_diisobutylacetal	79753	1	0.0	0.0	0.0	0006_Acetaldehyde_diisobutylacetal_72ffd37ef6		
5	Acetaldehyde_diisoamyl_acetal	83036	1	0.0	0.0	0.0	0005_Acetaldehyde_diisoamyl_acetal_2a3661df66		
4	Acetaldehyde_dicis3hexenyl_acetal	5367767	1	0.0	0.0	0.0	0004_Acetaldehyde_dicis3hexenyl_acetal_2ea58ed24c		
29	4Acetyl2isopropenylpyridine	529352	1	0.0	0.0	0.0	0029_4Acetyl2isopropenylpyridine_307a6bdb39		
1327	Iron_chloride_FeCl3	24380	1	0.0	0.0	0.0	1327_Iron_chloride_FeCl3_4349e4bd72		
1317	Choline_Bitartrate	6900	1	3.0	0.0	0.0	1317_Choline_Bitartrate_ee2f222c86	fasstrecords	skipped
1316	Choline_Chloride	6209	1	3.0	0.0	0.0	1316_Choline_Chloride_ee2f222c86	fasstrecords	skipped
1315	Tannic_Acid	16129778	1	0.0	0.0	0.0	1315_Tannic_Acid_98636b9160		
20	1Oxaspiro45decan6ol_261010tetramethyl_6acetate	93838	1	0.0	0.0	0.0	0020_1Oxaspiro45decan6ol_261010tetramethyl_6acetate_ad97ec6417		
1312	Succinic_Acid	1110	1	27.0	0.0	0.0	1312_Succinic_Acid_6fa84788ab	fasstrecords	skipped
1308	Sodium_Sorbate	23665582	1	17.0	0.0	0.0	1308_Sodium_Sorbate_14b9f3b296	fasstrecords	skipped
1307	Calcium_sorbate	6433506	1	17.0	0.0	0.0	1307_Calcium_sorbate_14b9f3b296	fasstrecords	skipped
18	Acetophenone	7410	1	1.0	0.0	0.0	0018_Acetophenone_7c59097771	fasstrecords	skipped
1336	HEPT2enyl_isovalerate_2E	6366434	1	0.0	0.0	0.0	1336_HEPT2enyl_isovalerate_2E_3c17393db4		
1335	Sodium_Stearoyl_Lactylate	23671849	1	0.0	0.0	0.0	1335_Sodium_Stearoyl_Lactylate_e8411bfb3c		
1334	Retinol_Palmitate	5280531	1	0.0	0.0	0.0	1334_Retinol_Palmitate_d401e5cbd6		
1330	Iron_naphthenate	14048875	1	8.0	0.0	0.0	1330_Iron_naphthenate_da42111064	fasstrecords	skipped
1313	Sodium_Thiosulfate	24477	1	0.0	0.0	0.0	1313_Sodium_Thiosulfate_9d84410ab4		
19	Acetomonostearin	314293	1	0.0	0.0	0.0	0019_Acetomonostearin_30109f4f42		
2	Acetaldehyde	177	1	0.0	0.0	0.0	0002_Acetaldehyde_540cc0181e		
1289	Magnesium_Silicate	72941442	1	0.0	0.0	0.0	1289_Magnesium_Silicate_9d868f9a26		
1288	Aluminum_calcium_silicate	21881395	1	0.0	0.0	0.0	1288_Aluminum_calcium_silicate_d0e6b9c7c3		
1287	Sulfamic_Acid	5987	1	10.0	0.0	0.0	1287_Sulfamic_Acid_485b2e12cf	fasstrecords	skipped
1286	Zinc_dithionite	24517	1	0.0	0.0	0.0	1286_Zinc_dithionite_7e8bed5c58		
1285	Sodium_Dithionite	24489	1	0.0	0.0	0.0	1285_Sodium_Dithionite_7e8bed5c58		
3	Acetaldehyde_butyl_phenethyl_acetal	62876	1	0.0	0.0	0.0	0003_Acetaldehyde_butyl_phenethyl_acetal_463d3c0358		
7	Acetaldehyde_ethyl_Z3hexenyl_acetal	5366352	1	0.0	0.0	0.0	0007_Acetaldehyde_ethyl_Z3hexenyl_acetal_3af644800c		
16	23Bisacetyloxypropyl_9Z9octadecenoate	6430588	1	0.0	0.0	0.0	0016_23Bisacetyloxypropyl_9Z9octadecenoate_e48b72785b		
15	Acetoin_propyleneglycol_ketal	11971259	1	0.0	0.0	0.0	0015_Acetoin_propyleneglycol_ketal_535ddf6afa		
14	Acetoin	179	1	0.0	0.0	0.0	0014_Acetoin_ec50dc47a6		
13	Acetic_Anhydride	7918	1	0.0	0.0	0.0	0013_Acetic_Anhydride_b497de8071		
12	4Methoxyacetophenone	7476	1	18.0	0.0	0.0	0012_4Methoxyacetophenone_4da4578ea7	fasstrecords	skipped
11	Acetaldehyde_phenethyl_propyl_acetal	61403	1	0.0	0.0	0.0	0011_Acetaldehyde_phenethyl_propyl_acetal_8ec6a687fa		
10	Acetaldehyde_13octanediol_acetal	11105826	1	0.0	0.0	0.0	0010_Acetaldehyde_13octanediol_acetal_89b6beb610		
9	Acetaldehyde_hexyl_isoamyl_acetal	53422473	1	0.0	0.0	0.0	0009_Acetaldehyde_hexyl_isoamyl_acetal_875209d17d		
8	Acetaldehyde_ethyl_isobutyl_acetal	110941	1	0.0	0.0	0.0	0008_Acetaldehyde_ethyl_isobutyl_acetal_061f9fa0cd		
17	Acetone	180	1	0.0	0.0	0.0	0017_Acetone_de84a3a5e7		
1206	Tetrasodium_Pyrophosphate	24403	1	0.0	0.0	0.0	1206_Tetrasodium_Pyrophosphate_d6646ff3c2		
1204	Trisodium_Phosphate	24243	1	6.0	0.0	0.0	1204_Trisodium_Phosphate_4332f3bd63	fasstrecords	skipped
1203	Monosodium_phosphate	23672064	1	6.0	0.0	0.0	1203_Monosodium_phosphate_4332f3bd63	fasstrecords	skipped
1202	Sodium_Phosphate_Dibasic	24203	1	6.0	0.0	0.0	1202_Sodium_Phosphate_Dibasic_4332f3bd63	fasstrecords	skipped
1200	Sodium_Pyrosulfite	656671	1	0.0	0.0	0.0	1200_Sodium_Pyrosulfite_de0406c6ef		
1199	Hexasodium_hexametaphosphate	24968	1	0.0	0.0	0.0	1199_Hexasodium_hexametaphosphate_89e7fac414		
1197	Sodium_Diacetate	23662384	1	0.0	0.0	0.0	1197_Sodium_Diacetate_b00014bedb		
1196	Sodium_Chloride	5234	1	0.0	0.0	0.0	1196_Sodium_Chloride_68bd1bd95b		
1229	Copper_Sulfate	24462	1	0.0	0.0	0.0	1229_Copper_Sulfate_7283160152		
1194	Sodium_Bisulfite	23665763	1	0.0	0.0	0.0	1194_Sodium_Bisulfite_490828d7d4		
1193	Sodium_Bicarbonate	516892	1	0.0	0.0	0.0	1193_Sodium_Bicarbonate_ec36fd9b85		
1192	Sodium_aluminate	14766	1	0.0	0.0	0.0	1192_Sodium_aluminate_2190b32945		
1191	Disodium_Pyrophosphate	24451	1	0.0	0.0	0.0	1191_Disodium_Pyrophosphate_d6646ff3c2		
1190	Sodium_Acetate	517045	1	0.0	0.0	0.0	1190_Sodium_Acetate_b00014bedb		
62	Allyl_cyclohexaneacetate	22034852	1	0.0	0.0	0.0	0062_Allyl_cyclohexaneacetate_b828387442		
61	Allyl_crotonate	5354763	1	0.0	0.0	0.0	0061_Allyl_crotonate_a4b3a6c676		
60	Allyl_Cinnamate	641423	1	0.0	0.0	0.0	0060_Allyl_Cinnamate_8f4c6c7525		
1195	Sodium_Carbonate	10340	1	0.0	0.0	0.0	1195_Sodium_Carbonate_ec36fd9b85		
1152	Ferric_Pyrophosphate	24877	1	0.0	0.0	0.0	1152_Ferric_Pyrophosphate_d6646ff3c2		
1151	Ferric_Phosphate	24861	1	6.0	0.0	0.0	1151_Ferric_Phosphate_4332f3bd63	fasstrecords	skipped
1150	Iron_oxide_Fe2O3	518696	1	0.0	0.0	0.0	1150_Iron_oxide_Fe2O3_91efa25a90		
1148	Potassium_Phosphate_Dibasic	24450	1	6.0	0.0	0.0	1148_Potassium_Phosphate_Dibasic_4332f3bd63	fasstrecords	skipped
81	Chavicol	68148	1	0.0	0.0	0.0	0081_Chavicol_17c691f89c		
80	Allyl_octanoate	20219	1	0.0	0.0	0.0	0080_Allyl_octanoate_39d86e1e61		
1183	Propylene_Glycol_Monostearate	14878	1	0.0	0.0	0.0	1183_Propylene_Glycol_Monostearate_4e0e78688c		
1182	Propylene_Glycol	1030	1	0.0	0.0	0.0	1182_Propylene_Glycol_bb36e186d8		
1168	Lactic_Acid	612	1	26.0	0.0	0.0	1168_Lactic_Acid_524d12ecf0	fasstrecords	skipped
1180	Potassium_Phosphate_Tribasic	62657	1	6.0	0.0	0.0	1180_Potassium_Phosphate_Tribasic_4332f3bd63	fasstrecords	skipped
1179	Monobasic_potassium_phosphate	516951	1	6.0	0.0	0.0	1179_Monobasic_potassium_phosphate_4332f3bd63	fasstrecords	skipped
1178	Potassium_Metabisulfite	28019	1	0.0	0.0	0.0	1178_Potassium_Metabisulfite_de0406c6ef		
1177	Potassium_Chloride	4873	1	0.0	0.0	0.0	1177_Potassium_Chloride_e83a78f45a		
1176	Potassium_Carbonate	11430	1	0.0	0.0	0.0	1176_Potassium_Carbonate_ec36fd9b85		
1175	Potassium_Bicarbonate	516893	1	0.0	0.0	0.0	1175_Potassium_Bicarbonate_ec36fd9b85		
1174	Phosphoric_Acid	1004	1	6.0	0.0	0.0	1174_Phosphoric_Acid_4332f3bd63	fasstrecords	skipped
1173	Octanoic_Acid	379	1	12.0	0.0	0.0	1173_Octanoic_Acid_650a76d642	fasstrecords	skipped
1169	Lecithin	16213884	1	0.0	0.0	0.0	1169_Lecithin_121a6e3d88		
1181	Potassium_pyrophosphate	23740	1	0.0	0.0	0.0	1181_Potassium_pyrophosphate_d6646ff3c2		
1211	Sulfur_Dioxide	1119	1	0.0	0.0	0.0	1211_Sulfur_Dioxide_03e3599ee2		
1210	Stannous_Chloride	24479	1	0.0	0.0	0.0	1210_Stannous_Chloride_b66a6d8a98		
65	Allyl_cyclohexanepropionate	17617	1	0.0	0.0	0.0	0065_Allyl_cyclohexanepropionate_a56f71ae91		
64	Allyl_cyclohexyl_hexanoate	61406	1	0.0	0.0	0.0	0064_Allyl_cyclohexyl_hexanoate_068526af15		
63	Allyl_cyclohexanebutyrate	61405	1	0.0	0.0	0.0	0063_Allyl_cyclohexanebutyrate_8daa81eea2		
41	2Acetyl1pyrroline	522834	1	0.0	0.0	0.0	0041_2Acetyl1pyrroline_3a2f0ee7a3		
40	3Acetylpyridine	9589	1	0.0	0.0	0.0	0040_3Acetylpyridine_74968503ca		
39	2Acetylpyridine	14286	1	0.0	0.0	0.0	0039_2Acetylpyridine_3177d4030c		
59	Allyl_butyrate	16324	1	0.0	0.0	0.0	0059_Allyl_butyrate_6f36386fc2		
37	2Acetyl5methylthiophene	83655	1	0.0	0.0	0.0	0037_2Acetyl5methylthiophene_fc9ae52f8a		
36	4Acetyl2methylpyrimidine	5362572	1	0.0	0.0	0.0	0036_4Acetyl2methylpyrimidine_d292f2db40		
35	2Acetyl3methylpyrazine	32093	1	0.0	0.0	0.0	0035_2Acetyl3methylpyrazine_2b8b2f8e25		
34	2Acetyl5Methylfuran	14514	1	0.0	0.0	0.0	0034_2Acetyl5Methylfuran_28c61b1145		
1240	Methyl_Acrylate	7294	1	0.0	0.0	0.0	1240_Methyl_Acrylate_7eef9856e5		
1239	Ethyl_Acrylate	8821	1	0.0	0.0	0.0	1239_Ethyl_Acrylate_141f9b7954		
1232	Butanedione	650	1	5.0	0.0	0.0	1232_Butanedione_5a3f30e569	fasstrecords	skipped
1230	Nickel	935	1	0.0	0.0	0.0	1230_Nickel_f1f42f11bb		
38	Acetylpyrazine	30914	1	16.0	0.0	0.0	0038_Acetylpyrazine_a2b4b4a7b1	fasstrecords	skipped
58	Allyl_anthranilate	24116	1	0.0	0.0	0.0	0058_Allyl_anthranilate_93999da939		
57	Allylalphaionone	5365976	1	0.0	0.0	0.0	0057_Allylalphaionone_9473d6034e		
55	LAlanine	5950	1	46.0	0.0	0.0	0055_LAlanine_1b54ea3eb1	fasstrecords	skipped
54	DLalanine	602	1	46.0	0.0	0.0	0054_DLalanine_6ac3ad1747	fasstrecords	skipped
53	BetaAlanine	239	1	23.0	0.0	0.0	0053_BetaAlanine_ebfc15aa53	fasstrecords	skipped
50	Adipic_anhydride	567658	1	0.0	0.0	0.0	0050_Adipic_anhydride_0f1af34034		
1208	Sodium_Sulfite	24437	1	0.0	0.0	0.0	1208_Sodium_Sulfite_490828d7d4		
1207	Sodium_Sesquicarbonate	10791	1	0.0	0.0	0.0	1207_Sodium_Sesquicarbonate_ec36fd9b85		
1212	Sulfuric_Acid	1118	1	0.0	0.0	0.0	1212_Sulfuric_Acid_7283160152		
1225	Zinc_Oxide	3007857	1	0.0	0.0	0.0	1225_Zinc_Oxide_3ca5ae58e1		
1224	Zinc_Chloride	5727	1	0.0	0.0	0.0	1224_Zinc_Chloride_c3a2eb014b		
1223	Zinc_Carbonate	19005	1	0.0	0.0	0.0	1223_Zinc_Carbonate_ec36fd9b85		
1222	Zinc_Acetate	11192	1	0.0	0.0	0.0	1222_Zinc_Acetate_b00014bedb		
1221	Vitamin_B12	165339223	1	0.0	0.0	0.0	1221_Vitamin_B12_6f074ed68c		
1220	Retinol_acetate	638034	1	59.0	0.0	0.0	1220_Retinol_acetate_1c6bf38c87	fasstrecords	skipped
1219	Retinol	445354	1	4.0	0.0	0.0	1219_Retinol_00ffdeb4a5	fasstrecords	skipped
1218	Urea	1176	1	1.0	0.0	0.0	1218_Urea_574548e4ef	fasstrecords	skipped
1217	Tocopherols	14986	1	0.0	0.0	0.0	1217_Tocopherols_74b7fd9184		
1226	Zinc_Sulfate	24424	1	0.0	0.0	0.0	1226_Zinc_Sulfate_7283160152		
770	Propyl_hexanoate	12293	1	0.0	0.0	0.0	0770_Propyl_hexanoate_67c1c86571		
769	Propyl_heptanoate	229377	1	0.0	0.0	0.0	0769_Propyl_heptanoate_9fad5d4f79		
768	Propyl_2furoate	11982	1	0.0	0.0	0.0	0768_Propyl_2furoate_f517a2577c		
767	Propyl_2furanacrylate	6537093	1	0.0	0.0	0.0	0767_Propyl_2furanacrylate_8f17778140		
766	Propyl_formate	8073	1	0.0	0.0	0.0	0766_Propyl_formate_77a492f268		
765	Propylene_Oxide	6378	1	0.0	0.0	0.0	0765_Propylene_Oxide_72db2c6e94		
764	Propylene_glycol_dipropionate	112002	1	0.0	0.0	0.0	0764_Propylene_glycol_dipropionate_11090e59ee		
795	Pyrrole	8027	1	2.0	0.0	0.0	0795_Pyrrole_f996e37e5a	fasstrecords	skipped
1005	355Trimethylhexanal	21574	1	0.0	0.0	0.0	1005_355Trimethylhexanal_593c86629e		
793	Methylthiopyrazine	519907	1	0.0	0.0	0.0	0793_Methylthiopyrazine_6a5a91bd49		
792	Pyrazineethanethiol	61945	1	0.0	0.0	0.0	0792_Pyrazineethanethiol_67489adcd9		
791	Pyrazine	9261	1	0.0	0.0	0.0	0791_Pyrazine_55d90557e4		
790	Pseudoionone	1757003	1	0.0	0.0	0.0	0790_Pseudoionone_3de8786aaf		
789	Spropyl_thioacetate	61295	1	0.0	0.0	0.0	0789_Spropyl_thioacetate_2b16ebfade		
788	Propyl_4tertbutylphenylacetate	71587345	1	0.0	0.0	0.0	0788_Propyl_4tertbutylphenylacetate_fb78fa0baa		
787	Propyl_sorbate	5368950	1	0.0	0.0	0.0	0787_Propyl_sorbate_074f97c856		
786	Propyl_pyruvate	523918	1	0.0	0.0	0.0	0786_Propyl_pyruvate_2971695241		
794	2Pyridinemethanethiol	256071	1	0.0	0.0	0.0	0794_2Pyridinemethanethiol_f3865f5fbe		
756	4Propyl26dimethoxyphenol	524975	1	0.0	0.0	0.0	0756_4Propyl26dimethoxyphenol_c330a3b9ea		
755	Propyl_24decadienoate_2E4E	5362592	1	0.0	0.0	0.0	0755_Propyl_24decadienoate_2E4E_2670602c8b		
754	Propyl_Cinnamate	5270647	1	0.0	0.0	0.0	0754_Propyl_Cinnamate_81491aff96		
753	Propyl_butyrate	7770	1	0.0	0.0	0.0	0753_Propyl_butyrate_98dc00fc37		
752	Propyl_Benzoate	16846	1	5.0	0.0	0.0	0752_Propyl_Benzoate_dd2f6c7d28	fasstrecords	skipped
751	4Propylanisole	7702	1	2.0	0.0	0.0	0751_4Propylanisole_4a290c861a	fasstrecords	skipped
750	Propylamine	7852	1	0.0	0.0	0.0	0750_Propylamine_1cb689ad74		
749	1Propanol	1031	1	0.0	0.0	0.0	0749_1Propanol_462b618a74		
771	Propylidenephthalide	28500	1	0.0	0.0	0.0	0771_Propylidenephthalide_7270dafeaf		
747	1Phenyl1propanone	7148	1	0.0	0.0	0.0	0747_1Phenyl1propanone_3de1d2193c		
779	2Propylphenol	12570	1	0.0	0.0	0.0	0779_2Propylphenol_9a6be70973		
778	1Phenyl2pentanol	61202	1	0.0	0.0	0.0	0778_1Phenyl2pentanol_7f60063946		
777	Propyl_2methyl3furyl_disulfide	43579	1	0.0	0.0	0.0	0777_Propyl_2methyl3furyl_disulfide_e49d3c3a30		
776	Propyl_2mercaptopropionate	22251515	1	0.0	0.0	0.0	0776_Propyl_2mercaptopropionate_f2ad619287		
775	Propyl_mercaptan	7848	1	0.0	0.0	0.0	0775_Propyl_mercaptan_dcb63a4f26		
774	Propyl_levulinate	221069	1	0.0	0.0	0.0	0774_Propyl_levulinate_9c625ec6ca		
773	Propyl_isovalerate	11176	1	0.0	0.0	0.0	0773_Propyl_isovalerate_743dc9c455		
772	Propyl_isobutyrate	12571	1	0.0	0.0	0.0	0772_Propyl_isobutyrate_5f2b03f7d2		
748	Propyl_Acetate	7997	1	0.0	0.0	0.0	0748_Propyl_Acetate_f2e7e13562		
834	2Ethoxybutane	17586	1	0.0	0.0	0.0	0834_2Ethoxybutane_a72e61ed10		
833	2secButyl_cyclohexanone	61771	1	0.0	0.0	0.0	0833_2secButyl_cyclohexanone_2d0e15eed6		
830	Santalol_benzeneacetate	73557527	1	0.0	0.0	0.0	0830_Santalol_benzeneacetate_27155e4af6		
829	Santalyl_acetate	24832103	1	0.0	0.0	0.0	0829_Santalyl_acetate_8f95cfe2b2		
828	Npc254293	24832101	1	0.0	0.0	0.0	0828_Npc254293_ba9bd32102		
824	Rum_ether	91001317	1	0.0	0.0	0.0	0824_Rum_ether_a56362a10c		
823	223r3Aminopiperidin1Yl5Bromo6Oxopyrimidin16hYlmethylbenzonitrile	11246214	1	0.0	0.0	0.0	0823_223r3Aminopiperidin1Yl5Bromo6Oxopyrimidin16hYlmethylbenzonitrile_6b7b7033e5		
822	Rubber_naturalsmoked_sheet_and_latex_solids_hevea_brasiliensis	9374	1	0.0	0.0	0.0	0822_Rubber_naturalsmoked_sheet_and_latex_solids_hevea_brasiliensis_cd151fea50		
785	2Propylpyridine	69320	1	0.0	0.0	0.0	0785_2Propylpyridine_d3cba7962d		
820	Roct1en3ol	6992244	1	0.0	0.0	0.0	0820_Roct1en3ol_4d49b1ae17		
817	Rhodinyl_propionate	25113548	1	0.0	0.0	0.0	0817_Rhodinyl_propionate_394eb6125e		
816	Rhodinyl_phenylacetate	23623724	1	0.0	0.0	0.0	0816_Rhodinyl_phenylacetate_894fd44143		
815	Rhodinyl_isovalerate	25113547	1	0.0	0.0	0.0	0815_Rhodinyl_isovalerate_3261ec205a		
851	Sodium_glucoheptonate	49853507	1	3.0	0.0	0.0	0851_Sodium_glucoheptonate_2348ba9aeb	fasstrecords	skipped
850	Sodium_Fumarate	6076814	1	483.0	0.0	0.0	0850_Sodium_Fumarate_a7dbaf4da6	fasstrecords	skipped
849	Sodium_Fluoride	5235	1	4.0	0.0	0.0	0849_Sodium_Fluoride_c967f382b1	fasstrecords	skipped
847	Sodium_Dimethyldithiocarbamate	560256	1	0.0	0.0	0.0	0847_Sodium_Dimethyldithiocarbamate_d8ff7e2c2d		
821	AR15512	11266244	1	8.0	0.0	0.0	0821_AR15512_b84d9bde16	fasstrecords	skipped
784	Propylpyrazine	87466	1	0.0	0.0	0.0	0784_Propylpyrazine_b68ada23b6		
783	Propyl_propionate	7803	1	0.0	0.0	0.0	0783_Propyl_propionate_181cd6b53c		
782	Propyl_propane_thiosulfonate	529388	1	0.0	0.0	0.0	0782_Propyl_propane_thiosulfonate_20e5504a2c		
781	Propyl_phenylacetate	221641	1	0.0	0.0	0.0	0781_Propyl_phenylacetate_0e90860565		
780	4Propylphenol	12580	1	2.0	0.0	0.0	0780_4Propylphenol_5e2f7496b6	fasstrecords	skipped
814	Rhodinyl_isobutyrate	71587859	1	0.0	0.0	0.0	0814_Rhodinyl_isobutyrate_9951841190		
813	Rhodinyl_formate	15774941	1	0.0	0.0	0.0	0813_Rhodinyl_formate_d1e3920c93		
812	7Octen1ol_37dimethyl_1formate	61092	1	0.0	0.0	0.0	0812_7Octen1ol_37dimethyl_1formate_fe979076d6		
835	LSerine	5951	1	80.0	0.0	0.0	0835_LSerine_393fc58e20	fasstrecords	skipped
810	Rhodinyl_acetate	8833	1	0.0	0.0	0.0	0810_Rhodinyl_acetate_9cb1e369bf		
809	Rhodinol	81263	1	0.0	0.0	0.0	0809_Rhodinol_2c88c16feb		
807	Resorcinol	5054	1	4.0	0.0	0.0	0807_Resorcinol_39f5a9f6d4	fasstrecords	skipped
801	Diquat	6795	1	0.0	0.0	0.0	0801_Diquat_129dc49ef4		
800	Pyruvic_Acid	1060	1	26.0	0.0	0.0	0800_Pyruvic_Acid_f9e2f075ce	fasstrecords	skipped
799	Methylglyoxal	880	1	3.0	0.0	0.0	0799_Methylglyoxal_68f79c9f2c	fasstrecords	skipped
798	1Pyrroline	79803	1	0.0	0.0	0.0	0798_1Pyrroline_ab6fcecb75		
797	PYRROLIDINO12e4H24DIMETHYL135DITHIAZINE	71587434	1	0.0	0.0	0.0	0797_PYRROLIDINO12e4H24DIMETHYL135DITHIAZINE_55984f3d3b		
796	Pyrrolidine	31268	1	0.0	0.0	0.0	0796_Pyrrolidine_487ed2dcbf		
811	Rhodinyl_butyrate	71587790	1	0.0	0.0	0.0	0811_Rhodinyl_butyrate_dc21fe9160		
694	pMENTH1EN9OL	86753	1	0.0	0.0	0.0	0694_pMENTH1EN9OL_2931f9eb98		
693	pMenthan7ol	83763	1	0.0	0.0	0.0	0693_pMenthan7ol_d94ef189aa		
128	Pentyl_decanoate	550768	1	0.0	0.0	0.0	0128_Pentyl_decanoate_64ff4c2132		
127	alphaAmylcinnamyl_formate	6435834	1	0.0	0.0	0.0	0127_alphaAmylcinnamyl_formate_962f125679		
126	2Pentylcinnamic_alcohol	5368491	1	0.0	0.0	0.0	0126_2Pentylcinnamic_alcohol_f15e79103b		
125	alphaAmylcinnamyl_alcohol	7584	1	0.0	0.0	0.0	0125_alphaAmylcinnamyl_alcohol_d5c64a0302		
124	2Pentyl3phenylprop2en1ol	6076971	1	0.0	0.0	0.0	0124_2Pentyl3phenylprop2en1ol_43a6ee0038		
123	alphaAMYLCINNAMYL_ACETATE	582291	1	0.0	0.0	0.0	0123_alphaAMYLCINNAMYL_ACETATE_745527a5cc		
757	45Dimethyl2propyloxazole	104620	1	0.0	0.0	0.0	0757_45Dimethyl2propyloxazole_91aeab7730		
121	Amylcinnamaldehyde	31209	1	0.0	0.0	0.0	0121_Amylcinnamaldehyde_e9fd3a3250		
120	Amyl_butyrate	10890	1	1.0	0.0	0.0	0120_Amyl_butyrate_0d3a4f5520	fasstrecords	skipped
119	1Pentanol	6276	1	0.0	0.0	0.0	0119_1Pentanol_64d1bedca3		
118	Ammonium_Sulfite	25041	1	0.0	0.0	0.0	0118_Ammonium_Sulfite_8ce86a6ae6		
117	Ammonium_sulfide	25519	1	0.0	0.0	0.0	0117_Ammonium_sulfide_8ce86a6ae6		
116	Ammonium_Persulfate	62648	1	0.0	0.0	0.0	0116_Ammonium_Persulfate_001782af0f		
115	Ammonium_isovalerate	61419	1	3.0	0.0	0.0	0115_Ammonium_isovalerate_24d0545863	fasstrecords	skipped
711	Monopotassium_methyldithiocarbamate	23690432	1	0.0	0.0	0.0	0711_Monopotassium_methyldithiocarbamate_9123714666		
122	alphaAmylcinnamaldehyde_dimethyl_acetal	6005821	1	0.0	0.0	0.0	0122_alphaAmylcinnamaldehyde_dimethyl_acetal_15f501c0a4		
682	Piperitenone	381152	1	0.0	0.0	0.0	0682_Piperitenone_2c2319a907		
680	Piperidine	8082	1	4.0	0.0	0.0	0680_Piperidine_daa04a326d	fasstrecords	skipped
679	Piperazine_Dihydrochloride	8893	1	2.0	0.0	0.0	0679_Piperazine_Dihydrochloride_dcbee0ce71	fasstrecords	skipped
678	Piperazine	4837	1	2.0	0.0	0.0	0678_Piperazine_dcbee0ce71	fasstrecords	skipped
677	Pinocarvyl_isobutyrate	73425516	1	0.0	0.0	0.0	0677_Pinocarvyl_isobutyrate_3ebefac195		
676	Pinocarveol_	102667	1	0.0	0.0	0.0	0676_Pinocarveol_4524a95454		
708	hypophosphoric_acid_tetrapotassium_salt	71300779	1	0.0	0.0	0.0	0708_hypophosphoric_acid_tetrapotassium_salt_0bc198aa31		
707	Potassium_gibberellate	71299661	1	156.0	0.0	0.0	0707_Potassium_gibberellate_c2c2b58214	fasstrecords	skipped
695	Nvinyl2pyrrolidone	6917	1	3.0	0.0	0.0	0695_Nvinyl2pyrrolidone_502bd23f3c	fasstrecords	skipped
705	Potassium_21ethoxyethoxypropionate	23720076	1	0.0	0.0	0.0	0705_Potassium_21ethoxyethoxypropionate_3f0623d79d		
704	Caprylic_acid_potassium_salt	23668522	1	12.0	0.0	0.0	0704_Caprylic_acid_potassium_salt_650a76d642	fasstrecords	skipped
703	Potassium_Caprate	23688501	1	24.0	0.0	0.0	0703_Potassium_Caprate_de76b806fe	fasstrecords	skipped
702	Potassium_Bromide	253877	1	0.0	0.0	0.0	0702_Potassium_Bromide_753613a9a3		
701	Potassium_Bromate	23673461	1	0.0	0.0	0.0	0701_Potassium_Bromate_76ccc02860		
700	boric_acid_potassium_salt	12816516	1	0.0	0.0	0.0	0700_boric_acid_potassium_salt_11bae16e20		
699	Potassium_Bisulfite	23663620	1	0.0	0.0	0.0	0699_Potassium_Bisulfite_490828d7d4		
697	Dipotassium_pyrophosphate	61761	1	0.0	0.0	0.0	0697_Dipotassium_pyrophosphate_d6646ff3c2		
696	Potassium_Acetate	517044	1	0.0	0.0	0.0	0696_Potassium_Acetate_b00014bedb		
706	Potassium_fumarate	6433511	1	483.0	0.0	0.0	0706_Potassium_fumarate_a7dbaf4da6	fasstrecords	skipped
742	36Dimethyl23Hbenzofuranone	9793908	1	0.0	0.0	0.0	0742_36Dimethyl23Hbenzofuranone_b896fc582b		
741	Propanal	527	1	0.0	0.0	0.0	0741_Propanal_e8162b6507		
740	Propenyl_propyl_disulfide	5352908	1	0.0	0.0	0.0	0740_Propenyl_propyl_disulfide_fdb692e194		
739	42PROPENYLPHENYLbetaDGLUCOPYRANOSIDE	44390556	1	0.0	0.0	0.0	0739_42PROPENYLPHENYLbetaDGLUCOPYRANOSIDE_3564c71832		
738	41Z1Propen1ylphenol	5791138	1	0.0	0.0	0.0	0738_41Z1Propen1ylphenol_851a00eab4		
737	Propenyl_Guaethol	5354280	1	0.0	0.0	0.0	0737_Propenyl_Guaethol_c125b8a72a		
736	26Dimethoxy4propenylphenolE	5352905	1	0.0	0.0	0.0	0736_26Dimethoxy4propenylphenolE_20df99c379		
735	3Methylthio1propanol	10448	1	0.0	0.0	0.0	0735_3Methylthio1propanol_484c7d568f		
120	1Methylcyclohexa13diene	121731	1	0.0	0.0	0.0	0120_1Methylcyclohexa13diene_1e3a9988f7		
733	13Propanedithiol	8013	1	0.0	0.0	0.0	0733_13Propanedithiol_2a8216a6ca		
732	23Dimercaptopropane	61217	1	0.0	0.0	0.0	0732_23Dimercaptopropane_7049effcfa		
731	11Propanedithiol	6428546	1	0.0	0.0	0.0	0731_11Propanedithiol_d624987d29		
763	Propylene_glycol_di2methylbutyrate	57009973	1	0.0	0.0	0.0	0763_Propylene_glycol_di2methylbutyrate_1275232e2c		
762	Propylene_glycol_dibutyrate	170948	1	0.0	0.0	0.0	0762_Propylene_glycol_dibutyrate_bf8ea33fae		
761	Propylene_glycol_dibenzoate	517637	1	0.0	0.0	0.0	0761_Propylene_glycol_dibenzoate_fda2adbeb1		
760	Propylene_Glycol_Diacetate	12198	1	0.0	0.0	0.0	0760_Propylene_Glycol_Diacetate_886794a700		
759	Propylene_Chlorohydrin	6566	1	0.0	0.0	0.0	0759_Propylene_Chlorohydrin_73a669f409		
734	2Propanethiol	6364	1	0.0	0.0	0.0	0734_2Propanethiol_852799b299		
730	Propane	6334	1	0.0	0.0	0.0	0730_Propane_8c55ff95a6		
728	3Methyl2butene1thiol	146586	1	0.0	0.0	0.0	0728_3Methyl2butene1thiol_bdddb32a72		
727	Prenyl_thioacetate	3084571	1	0.0	0.0	0.0	0727_Prenyl_thioacetate_0946ea1d24		
726	Prenyl_isobutyrate	173535	1	0.0	0.0	0.0	0726_Prenyl_isobutyrate_2eee2ae572		
725	Prenyl_formate	110373	1	0.0	0.0	0.0	0725_Prenyl_formate_f095aca69d		
724	Prenyl_caproate	173534	1	0.0	0.0	0.0	0724_Prenyl_caproate_7ed4375d7e		
723	Prenyl_benzoate	21265	1	2.0	0.0	0.0	0723_Prenyl_benzoate_67591b991f	fasstrecords	skipped
722	Prenyl_acetate	14489	1	0.0	0.0	0.0	0722_Prenyl_acetate_73f988f85e		
743	2Propionylpyrrole	61260	1	0.0	0.0	0.0	0743_2Propionylpyrrole_793de9795d		
720	Potassium_Sulfate	24507	1	0.0	0.0	0.0	0720_Potassium_Sulfate_7283160152		
718	Potassium_Persulfate	24412	1	0.0	0.0	0.0	0718_Potassium_Persulfate_001782af0f		
717	Potassium_Permanganate	516875	1	0.0	0.0	0.0	0717_Potassium_Permanganate_6b97127dbd		
714	Potassium_nitrite	516910	1	0.0	0.0	0.0	0714_Potassium_nitrite_b16587e1d1		
713	Potassium_Nitrate	24434	1	0.0	0.0	0.0	0713_Potassium_Nitrate_8edfdb3da8		
129	Pentyl_formate	12529	1	0.0	0.0	0.0	0129_Pentyl_formate_8a015f75aa		
746	2Propionyl2thiazoline	6428990	1	0.0	0.0	0.0	0746_2Propionyl2thiazoline_004f63fe1e		
745	2Propionylthiazole	65288	1	0.0	0.0	0.0	0745_2Propionylthiazole_182ab39b62		
744	2Propionylpyrroline	529251	1	0.0	0.0	0.0	0744_2Propionylpyrroline_d48eadc9cc		
721	Potassium_Sulfite	24958	1	0.0	0.0	0.0	0721_Potassium_Sulfite_490828d7d4		
936	Sabinene_hydrate_isomer	67159878	1	0.0	0.0	0.0	0936_Sabinene_hydrate_isomer_eca1894245		
935	4Thujanol	6326181	1	0.0	0.0	0.0	0935_4Thujanol_f4839ded81		
934	2Methyl51methylethylbicyclo310hexan2ol	62367	1	0.0	0.0	0.0	0934_2Methyl51methylethylbicyclo310hexan2ol_0425b9b124		
932	Thiogeraniol	6365572	1	0.0	0.0	0.0	0932_Thiogeraniol_fa4c298972		
931	22Dithiodimethylenedifuran	20499	1	0.0	0.0	0.0	0931_22Dithiodimethylenedifuran_9272cb3907		
962	trans3Hexen1ol	5284503	1	0.0	0.0	0.0	0962_trans3Hexen1ol_f4cc6aa9a3		
961	3Heptenyl_acetate_3E	5363206	1	0.0	0.0	0.0	0961_3Heptenyl_acetate_3E_b3d29165ca		
960	2Decenol_2E	5364942	1	0.0	0.0	0.0	0960_2Decenol_2E_8e7eb8879b		
846	Coppersodium182carboxylatoethyl20carboxylatomethyl12ethenyl7ethyl381317tetramethyl1718dihydroporphyrin2123diide2carboxylate	172640247	1	0.0	0.0	0.0	0846_Coppersodium182carboxylatoethyl20carboxylatomethyl12ethenyl7ethyl381317tetrameth_2c96c19e64		
957	Lycopene	446925	1	29.0	0.0	0.0	0957_Lycopene_daa2c6ed52	fasstrecords	skipped
956	oTOLYL_SALICYLATE	61159	1	0.0	0.0	0.0	0956_oTOLYL_SALICYLATE_08ce819d82		
955	2pTolylpropanal	60990	1	0.0	0.0	0.0	0955_2pTolylpropanal_7b4d8b93cc		
954	pCRESYL_PHENYLACETATE	60997	1	0.0	0.0	0.0	0954_pCRESYL_PHENYLACETATE_1ed26466dc		
952	pCresyl_isovalerate	62092	1	0.0	0.0	0.0	0952_pCresyl_isovalerate_98d0661356		
951	pTolyl_laurate	61434	1	0.0	0.0	0.0	0951_pTolyl_laurate_b70f3b913a		
950	pTOLYL_ISOBUTYRATE	7685	1	0.0	0.0	0.0	0950_pTOLYL_ISOBUTYRATE_1bdce392cc		
949	oTOLYL_ISOBUTYRATE	61954	1	0.0	0.0	0.0	0949_oTOLYL_ISOBUTYRATE_f4fb537b77		
958	trans2cis6Nonadienal	643731	1	0.0	0.0	0.0	0958_trans2cis6Nonadienal_9035e37271		
922	Theaspirane	61953	1	0.0	0.0	0.0	0922_Theaspirane_c11ee9f9d3		
920	5678Tetrahydroquinoxaline	36822	1	0.0	0.0	0.0	0920_5678Tetrahydroquinoxaline_66c90c2d65		
919	Tetrahydropseudoionone	102604	1	0.0	0.0	0.0	0919_Tetrahydropseudoionone_8020b8eaa0		
918	Rose_oxide	27866	1	9.0	0.0	0.0	0918_Rose_oxide_7f29313124	fasstrecords	skipped
917	Tetrahydrolinalool	6548	1	0.0	0.0	0.0	0917_Tetrahydrolinalool_7487dfa278		
916	Tetrahydrofurfuryl_propionate	61183	1	0.0	0.0	0.0	0916_Tetrahydrofurfuryl_propionate_231849fcb1		
915	2Tetrahydrofurfuryl_2mercaptopropionate	71587372	1	0.0	0.0	0.0	0915_2Tetrahydrofurfuryl_2mercaptopropionate_0ea6e1ada2		
914	Tetrahydrofurfuryl_cinnamate	6232217	1	0.0	0.0	0.0	0914_Tetrahydrofurfuryl_cinnamate_80c1c70255		
937	1alpha3alpha4alpha5alpha4Methyl11methylethylbicyclo310hexan3ol	10550	1	0.0	0.0	0.0	0937_1alpha3alpha4alpha5alpha4Methyl11methylethylbicyclo310hexan3ol_d1e6c3024c		
946	oCresyl_acetate	10778	1	0.0	0.0	0.0	0946_oCresyl_acetate_2f6a688b96		
945	Lilac_acetaldehyde	61006	1	0.0	0.0	0.0	0945_Lilac_acetaldehyde_33854a3749		
944	2Thiocresol	8712	1	0.0	0.0	0.0	0944_2Thiocresol_1fefc03d55		
943	Toluene	1140	1	0.0	0.0	0.0	0943_Toluene_5da1ba726f		
942	Titanium_dioxide	26042	1	0.0	0.0	0.0	0942_Titanium_dioxide_592404c178		
941	Thymol	6989	1	57.0	0.0	0.0	0941_Thymol_9d24faff45	fasstrecords	skipped
940	Thujol	12304603	1	0.0	0.0	0.0	0940_Thujol_970586adb5		
939	Npc301181	6432367	1	0.0	0.0	0.0	0939_Npc301181_ff736a4f69		
938	1S3S4R5R4Methyl11methylethylbicyclo310hexan3ol	12304610	1	0.0	0.0	0.0	0938_1S3S4R5R4Methyl11methylethylbicyclo310hexan3ol_37ff3106b6		
913	Tetrahydrofurfuryl_butyrate	551316	1	0.0	0.0	0.0	0913_Tetrahydrofurfuryl_butyrate_f161d6b053		
994	betaDamascenone	5366074	1	0.0	0.0	0.0	0994_betaDamascenone_c8f1704c2c		
993	pCymen8ol	14529	1	2.0	0.0	0.0	0993_pCymen8ol_9ef7f1a4d2	fasstrecords	skipped
992	Trimethylamine_oxide	1145	1	21.0	0.0	0.0	0992_Trimethylamine_oxide_4db759a001	fasstrecords	skipped
991	Trimethylamine	1146	1	6.0	0.0	0.0	0991_Trimethylamine_fbcca452e2	fasstrecords	skipped
988	Trifluoromethanesulfonic_acid	62406	1	12.0	0.0	0.0	0988_Trifluoromethanesulfonic_acid_bc26303cdc	fasstrecords	skipped
987	Triethylamine	8471	1	0.0	0.0	0.0	0987_Triethylamine_e0090ebb1b		
985	Trindodecylamine	7624	1	8.0	0.0	0.0	0985_Trindodecylamine_f2e2b27b22	fasstrecords	skipped
984	2Tridecenal	5283363	1	0.0	0.0	0.0	0984_2Tridecenal_98c22ba7ba		
948	4pTolyl2butanone	5463908	1	0.0	0.0	0.0	0948_4pTolyl2butanone_5cf0259715		
982	2Tridecanone	11622	1	0.0	0.0	0.0	0982_2Tridecanone_aaa6acb965		
1012	245Trimethyloxazole	30215	1	0.0	0.0	0.0	1012_245Trimethyloxazole_ce4d27ba0c		
1011	224Trimethyl13dioxolane	62384	1	0.0	0.0	0.0	1011_224Trimethyl13dioxolane_bcd160603e		
1010	133Trimethyl2norbornanyl_acetate	107217	1	0.0	0.0	0.0	1010_133Trimethyl2norbornanyl_acetate_59d6873dc0		
1009	3E248Trimethylnona37dien2OL	21972054	1	0.0	0.0	0.0	1009_3E248Trimethylnona37dien2OL_339fc350b4		
1008	233Trimethylindanone	10149036	1	0.0	0.0	0.0	1008_233Trimethylindanone_81cebc9ace		
1007	266Trimethyl2hydroxycyclohexanone	101115	1	0.0	0.0	0.0	1007_266Trimethyl2hydroxycyclohexanone_d668edd120		
1006	355Trimethyl1hexanol	18938	1	0.0	0.0	0.0	1006_355Trimethyl1hexanol_941b90516c		
983	247Tridecatrienal_2E4Z7Z	6421281	1	0.0	0.0	0.0	0983_247Tridecatrienal_2E4Z7Z_9651eaefe8		
947	4Methylphenyl_acetate	8797	1	1.0	0.0	0.0	0947_4Methylphenyl_acetate_a78ec1128b	fasstrecords	skipped
980	Tridecanal	25311	1	0.0	0.0	0.0	0980_Tridecanal_092bbbe02f		
979	Trichloroethylene	6575	1	0.0	0.0	0.0	0979_Trichloroethylene_59d6181855		
977	Triacetin	5541	1	29.0	0.0	0.0	0977_Triacetin_b66fbf1565	fasstrecords	skipped
975	2Tridecen1ol_2E	5364949	1	0.0	0.0	0.0	0975_2Tridecen1ol_2E_e911fd60e5		
974	trans2trans4Nonadiene	5358327	1	0.0	0.0	0.0	0974_trans2trans4Nonadiene_95edb80dc5		
973	24Dodecadienal_2E4E	5367530	1	0.0	0.0	0.0	0973_24Dodecadienal_2E4E_17f49ac7bb		
972	4tertButylcyclohexanol	7391	1	0.0	0.0	0.0	0972_4tertButylcyclohexanol_f0e2bfc5c2		
995	Safranal	61041	1	7.0	0.0	0.0	0995_Safranal_3c56e86638	fasstrecords	skipped
970	4Octenoic_acid_4E	6433715	1	0.0	0.0	0.0	0970_4Octenoic_acid_4E_03c0d6a5a0		
969	2Nonenyl_acetate_2E	6365451	1	0.0	0.0	0.0	0969_2Nonenyl_acetate_2E_f1cbb7183b		
968	2Nonen4one_2E	448996	1	0.0	0.0	0.0	0968_2Nonen4one_2E_f678a8c05d		
967	3Nonen1ol_3E	5352807	1	0.0	0.0	0.0	0967_3Nonen1ol_3E_680b3ddd85		
966	4Nonenal_4E	5283337	1	0.0	0.0	0.0	0966_4Nonenal_4E_7f56e19a79		
965	2Hexenyl_2methylbutyrate_2E	5352459	1	0.0	0.0	0.0	0965_2Hexenyl_2methylbutyrate_2E_554888f2ef		
964	3Hexenyl_acetate_3E	5352557	1	0.0	0.0	0.0	0964_3Hexenyl_acetate_3E_3af77b6faa		
963	2Hexenyl_acetate_2E	2733294	1	0.0	0.0	0.0	0963_2Hexenyl_acetate_2E_ec1e83d96d		
996	335Trimethylcyclohexanol	8298	1	0.0	0.0	0.0	0996_335Trimethylcyclohexanol_2945f3039f		
971	22Pentenylcyclopentanone_2E	6437002	1	0.0	0.0	0.0	0971_22Pentenylcyclopentanone_2E_dc263f28a6		
855	Sodium_Lauryl_Sulfate	3423265	1	30.0	0.0	0.0	0855_Sodium_Lauryl_Sulfate_d8c557d6cb	fasstrecords	skipped
853	Sodium_Lactate	23666456	1	26.0	0.0	0.0	0853_Sodium_Lactate_524d12ecf0	fasstrecords	skipped
852	Sodium_Hypochlorite	23665760	1	0.0	0.0	0.0	0852_Sodium_Hypochlorite_585c1feda7		
877	Tin_tetrachloride	24287	1	0.0	0.0	0.0	0877_Tin_tetrachloride_5f78978b40		
876	2S5RN42amino2oxoethylphenyl5methyl2propan2ylcyclohexanecarboxamide	67096018	1	0.0	0.0	0.0	0876_2S5RN42amino2oxoethylphenyl5methyl2propan2ylcyclohexanecarboxamide_2d50e0626e		
875	Spiro24dithia1methyl8oxabicyclo330octane331oxa2methylcyclopentane	61979	1	0.0	0.0	0.0	0875_Spiro24dithia1methyl8oxabicyclo330octane331oxa2methylcyclopentane_efb82aaa9f		
874	Spikenard_extract	168266265	1	0.0	0.0	0.0	0874_Spikenard_extract_979101f6cc		
872	Sorbitan_monooctadecanoate	16218600	1	0.0	0.0	0.0	0872_Sorbitan_monooctadecanoate_1ebcd6213c		
925	Thiazole	9256	1	2.0	0.0	0.0	0925_Thiazole_8529372f40	fasstrecords	skipped
870	11Diethoxycyclopentane	90268	1	0.0	0.0	0.0	0870_11Diethoxycyclopentane_e8fd77671a		
868	Sodium_sulfide_hydrated_with_not_less_than_30_water	237873	1	0.0	0.0	0.0	0868_Sodium_sulfide_hydrated_with_not_less_than_30_water_8de0b3c47f		
867	Sodium_Sulfide	14804	1	0.0	0.0	0.0	0867_Sodium_Sulfide_a57e29b347		
866	Sodium_Sulfate	24436	1	0.0	0.0	0.0	0866_Sodium_Sulfate_7283160152		
865	Sodium_Stearyl_Fumarate	23665634	1	0.0	0.0	0.0	0865_Sodium_Stearyl_Fumarate_bdbb96d844		
863	Sodium_Nitrite	23668193	1	0.0	0.0	0.0	0863_Sodium_Nitrite_b16587e1d1		
862	Sodium_Nitrate	24268	1	0.0	0.0	0.0	0862_Sodium_Nitrate_8edfdb3da8		
860	Methyl_sulfate_sodium_salt	2735086	1	0.0	0.0	0.0	0860_Methyl_sulfate_sodium_salt_34616cba85		
871	Sorbitan_mono9Z9octadecenoate	9920342	1	0.0	0.0	0.0	0871_Sorbitan_mono9Z9octadecenoate_7ca6472037		
845	copper_182carboxyethyl20carboxymethyl12ethenyl7ethyl381317tetramethyl1824dihydro17Hporphyrin2ylidenemethanediolate	157010055	1	0.0	0.0	0.0	0845_copper_182carboxyethyl20carboxymethyl12ethenyl7ethyl381317tetramethyl1824dihydro_92a1039236		
844	Chlorophyllin_sodium_copper_salt_commercial_grade	71306894	1	0.0	0.0	0.0	0844_Chlorophyllin_sodium_copper_salt_commercial_grade_2c96c19e64		
843	Chlorophyllins	23725082	1	0.0	0.0	0.0	0843_Chlorophyllins_0f96cb76c8		
842	Sodium_Chlorite	23668197	1	0.0	0.0	0.0	0842_Sodium_Chlorite_05b5184f34		
841	Sodium_octanoate	23664772	1	12.0	0.0	0.0	0841_Sodium_octanoate_650a76d642	fasstrecords	skipped
840	Sodium_Caprate	4457968	1	24.0	0.0	0.0	0840_Sodium_Caprate_de76b806fe	fasstrecords	skipped
839	Sodium_borohydride	4311764	1	0.0	0.0	0.0	0839_Sodium_borohydride_8c6838c9c6		
837	Silver_Nitrate	24470	1	0.0	0.0	0.0	0837_Silver_Nitrate_8edfdb3da8		
856	Sodium_Silicate	23266	1	0.0	0.0	0.0	0856_Sodium_Silicate_d0e6b9c7c3		
112	Ammonium_Acetate	517165	1	0.0	0.0	0.0	0112_Ammonium_Acetate_b00014bedb		
111	Sodium_aminotrismethylenephosphonate	23687322	1	0.0	0.0	0.0	0111_Sodium_aminotrismethylenephosphonate_916bb44ce2		
110	34Amino22dioxido1H213benzothiadiazin5yloxy22dimethylNpropylpropanamide	44628330	1	0.0	0.0	0.0	0110_34Amino22dioxido1H213benzothiadiazin5yloxy22dimethylNpropylpropanamide_6da330b632		
109	4Amino56dimethylthieno23dpyrimidin21Hone_hydrochloride	44183999	1	0.0	0.0	0.0	0109_4Amino56dimethylthieno23dpyrimidin21Hone_hydrochloride_e3b59ac99e		
108	4Amino56dimethylthieno23dpyrimidin21Hone	14338815	1	0.0	0.0	0.0	0108_4Amino56dimethylthieno23dpyrimidin21Hone_e3b59ac99e		
107	4Aminobutyric_Acid	223130	1	0.0	0.0	0.0	0107_4Aminobutyric_Acid_1ba10eb2f9		
104	1Amino2propanol	4	1	3.0	0.0	0.0	0104_1Amino2propanol_428b5983d0	fasstrecords	skipped
99	Aluminum_caprylate	62602	1	12.0	0.0	0.0	0099_Aluminum_caprylate_650a76d642	fasstrecords	skipped
98	Decanoic_acid_aluminum_salt_31	19710439	1	24.0	0.0	0.0	0098_Decanoic_acid_aluminum_salt_31_de76b806fe	fasstrecords	skipped
836	Silica	24261	1	0.0	0.0	0.0	0836_Silica_34f8371601		
908	12Acetyltetrahydro6ahydroxy23a5trimethylfuro23d13dioxol5ylethanone	193527	1	0.0	0.0	0.0	0908_12Acetyltetrahydro6ahydroxy23a5trimethylfuro23d13dioxol5ylethanone_9bb1b17ec6		
907	9Tetradecen5olide	121237820	1	0.0	0.0	0.0	0907_9Tetradecen5olide_835b7694c7		
906	8Z8Tetradecenal	6430188	1	0.0	0.0	0.0	0906_8Z8Tetradecenal_1928a4d7e2		
905	2Tetradecenal	116625	1	0.0	0.0	0.0	0905_2Tetradecenal_94c7d74792		
904	deltaTETRADECALACTONE	520296	1	0.0	0.0	0.0	0904_deltaTETRADECALACTONE_efc942b1c9		
903	Conifer_acetate	62240	1	0.0	0.0	0.0	0903_Conifer_acetate_187c9de659		
902	TertButylhydroquinone	16043	1	0.0	0.0	0.0	0902_TertButylhydroquinone_98bfb5eee7		
901	Terpinyl_propionate	62328	1	0.0	0.0	0.0	0901_Terpinyl_propionate_c4d0a0f4a6		
859	Sodium_24methoxyphenoxypropanoate	23670520	1	1.0	0.0	0.0	0859_Sodium_24methoxyphenoxypropanoate_7fde586aa8	fasstrecords	skipped
899	Terpinyl_isobutyrate	522673	1	0.0	0.0	0.0	0899_Terpinyl_isobutyrate_e3eeeb64a3		
898	Terpinyl_formate	16537	1	0.0	0.0	0.0	0898_Terpinyl_formate_13fd81637e		
897	Terpinyl_cinnamate	20838599	1	0.0	0.0	0.0	0897_Terpinyl_cinnamate_0bd2b3668b		
930	Thioacetic_acid	10484	1	1.0	0.0	0.0	0930_Thioacetic_acid_a36e62a59f	fasstrecords	skipped
929	2Thiophenemethanol	69467	1	0.0	0.0	0.0	0929_2Thiophenemethanol_3f0807b2a6		
928	2Thiophenethiol	522674	1	0.0	0.0	0.0	0928_2Thiophenethiol_7d34118d95		
927	12Thienylethanethiol	2724626	1	0.0	0.0	0.0	0927_12Thienylethanethiol_370541721a		
926	22Dithiobisthiophene	23347	1	0.0	0.0	0.0	0926_22Dithiobisthiophene_e647f2356b		
900	Terpinyl_isovalerate	585911	1	0.0	0.0	0.0	0900_Terpinyl_isovalerate_4376c3acb2		
857	Sodium_4methoxybenzoyloxyacetate	56844155	1	0.0	0.0	0.0	0857_Sodium_4methoxybenzoyloxyacetate_82dbdc0a7e		
896	alphaTerpinyl_butyrate	578423	1	0.0	0.0	0.0	0896_alphaTerpinyl_butyrate_2690199365		
895	Terpinyl_oaminobenzoate	61746	1	0.0	0.0	0.0	0895_Terpinyl_oaminobenzoate_d0d0f613a9		
894	Terpinolene	11463	1	0.0	0.0	0.0	0894_Terpinolene_8bc2ba11aa		
893	BetaTerpineol	8748	1	0.0	0.0	0.0	0893_BetaTerpineol_1c2e300f76		
892	AlphaTerpineol	17100	1	7.0	0.0	0.0	0892_AlphaTerpineol_27b4bd7a96	fasstrecords	skipped
891	GammaTerpinene	7461	1	0.0	0.0	0.0	0891_GammaTerpinene_43a172eb86		
890	AlphaTerpinene	7462	1	0.0	0.0	0.0	0890_AlphaTerpinene_5135714d79		
909	41Methylethyl3cyclohexene1carboxylic_acid	62117	1	0.0	0.0	0.0	0909_41Methylethyl3cyclohexene1carboxylic_acid_228439e587		
887	Sulfurous_Acid	1100	1	0.0	0.0	0.0	0887_Sulfurous_Acid_490828d7d4		
885	Sucrose_Palmitate	21140494	1	0.0	0.0	0.0	0885_Sucrose_Palmitate_0fcfcb36a7		
883	Sucrose_Acetate_Isobutyrate	31339	1	0.0	0.0	0.0	0883_Sucrose_Acetate_Isobutyrate_10faee569e		
881	Succistearin	57357863	1	0.0	0.0	0.0	0881_Succistearin_1fe5f1823e		
880	Succinic_anhydride	7922	1	0.0	0.0	0.0	0880_Succinic_anhydride_9b2d899921		
878	Stearyl_Alcohol	8221	1	0.0	0.0	0.0	0878_Stearyl_Alcohol_b4e816ad97		
912	Tetrahydrofurfuryl_alcohol	7360	1	0.0	0.0	0.0	0912_Tetrahydrofurfuryl_alcohol_199c63b47e		
911	Tetrahydrofurfuryl_acetate	12506	1	0.0	0.0	0.0	0911_Tetrahydrofurfuryl_acetate_5a80b780f9		
910	Menthofuran	329983	1	6.0	0.0	0.0	0910_Menthofuran_c12d347d6b	fasstrecords	skipped
889	Terpene_resin	168010184	1	0.0	0.0	0.0	0889_Terpene_resin_30ee4c71a5		
608	26Dimethylthiophenol	61045	1	0.0	0.0	0.0	0608_26Dimethylthiophenol_ad46cb01d4		
607	34Dimethylthiophene	79089	1	0.0	0.0	0.0	0607_34Dimethylthiophene_bd4399d759		
606	25Dimethyl3thioisovalerylfuran	41570	1	0.0	0.0	0.0	0606_25Dimethyl3thioisovalerylfuran_4880676f37		
605	25Dihydro45dimethyl21methylpropylthiazole	5362564	1	0.0	0.0	0.0	0605_25Dihydro45dimethyl21methylpropylthiazole_8a1349cdba		
604	45Dimethylthiazole	62510	1	0.0	0.0	0.0	0604_45Dimethylthiazole_cfc57a941e		
603	25Dimethylthiazole	77837	1	0.0	0.0	0.0	0603_25Dimethylthiazole_366bdc81a4		
639	11Dimethoxydodecane	84559	1	0.0	0.0	0.0	0639_11Dimethoxydodecane_118604f06f		
638	GammaDodecalactone	16821	1	0.0	0.0	0.0	0638_GammaDodecalactone_0444b630e6		
89	2Methyl1butanethiol	15877	1	0.0	0.0	0.0	0089_2Methyl1butanethiol_5a2397c2cf		
634	Isomenthone_	6432469	1	12.0	0.0	0.0	0634_Isomenthone_baadc51bd6	fasstrecords	skipped
631	Limonen10ol_	11019061	1	0.0	0.0	0.0	0631_Limonen10ol_7b2cf82dc7		
629	Divanillin	95086	1	0.0	0.0	0.0	0629_Divanillin_5914371875		
628	5Methylthio2methylthiomethyl2pentenal	20381861	1	0.0	0.0	0.0	0628_5Methylthio2methylthiomethyl2pentenal_b1279ebab7		
627	Methialdol	62159	1	0.0	0.0	0.0	0627_Methialdol_5d9de793bd		
626	14Dithiane	10452	1	0.0	0.0	0.0	0626_14Dithiane_42745fb2fa		
625	25Dithiahexane	23110	1	0.0	0.0	0.0	0625_25Dithiahexane_f069a59aec		
624	44Thiobis2butanone	61989	1	0.0	0.0	0.0	0624_44Thiobis2butanone_62b25620cd		
637	epsilonDodecalactone	61835	1	0.0	0.0	0.0	0637_epsilonDodecalactone_1f0db712b1		
595	25Dimethylpyrazine	31252	1	1.0	0.0	0.0	0595_25Dimethylpyrazine_1b4ddfd442	fasstrecords	skipped
594	23Dimethylpyrazine	22201	1	0.0	0.0	0.0	0594_23Dimethylpyrazine_cd45d9ae79		
593	Dimethylphenethyl_formate_alphaalpha	61464	1	0.0	0.0	0.0	0593_Dimethylphenethyl_formate_alphaalpha_e76909f81a		
592	11Dimethyl2phenylethyl_butyrate	24915	1	0.0	0.0	0.0	0592_11Dimethyl2phenylethyl_butyrate_47b8baf2d0		
591	NNDimethylphenylethylamine	25125	1	2.0	0.0	0.0	0591_NNDimethylphenylethylamine_f3847afe8a	fasstrecords	skipped
590	2Methyl1phenyl2propanol	7531	1	9.0	0.0	0.0	0590_2Methyl1phenyl2propanol_5a76a90615	fasstrecords	skipped
589	Dimethyl_benzyl_carbinyl_acetate	9024	1	0.0	0.0	0.0	0589_Dimethyl_benzyl_carbinyl_acetate_1a4d54ddd8		
588	24Dimethyl2pentenoic_acid	53422899	1	0.0	0.0	0.0	0588_24Dimethyl2pentenoic_acid_2b434a35bc		
609	Dimethyl_trisulfide	19310	1	0.0	0.0	0.0	0609_Dimethyl_trisulfide_bac48ead30		
620	Disodium_cyanodithioimidocarbonate	61088	1	0.0	0.0	0.0	0620_Disodium_cyanodithioimidocarbonate_cc62547f34		
618	Disecbutyl_disulfide	94314	1	0.0	0.0	0.0	0618_Disecbutyl_disulfide_a755a9010c		
617	Dipropyl_trisulfide	22383	1	0.0	0.0	0.0	0617_Dipropyl_trisulfide_d19d1160af		
615	11Dipropoxyethane	66929	1	0.0	0.0	0.0	0615_11Dipropoxyethane_b2b292be83		
614	13Diphenyl2propanone	7593	1	0.0	0.0	0.0	0614_13Diphenyl2propanone_70163efbf9		
613	Diphenyl_Ether	7583	1	0.0	0.0	0.0	0613_Diphenyl_Ether_9affd80d02		
612	Dioctyl_Adipate	31271	1	0.0	0.0	0.0	0612_Dioctyl_Adipate_a24351b632		
611	24Dimethyl5vinylthiazole	5362563	1	0.0	0.0	0.0	0611_24Dimethyl5vinylthiazole_d14c8d374a		
610	35Dimethyl124trithiolane	32033	1	0.0	0.0	0.0	0610_35Dimethyl124trithiolane_9f198493fd		
587	24Dimethyl3oxazoline	53654	1	0.0	0.0	0.0	0587_24Dimethyl3oxazoline_b892c0e325		
190	Benzyl_phenylacetate	60999	1	0.0	0.0	0.0	0190_Benzyl_phenylacetate_c2fc6037d3		
189	Benzyl_nonanoate	80960	1	0.0	0.0	0.0	0189_Benzyl_nonanoate_5ed56771fc		
188	Benzyl_methyl_sulfide	13016	1	0.0	0.0	0.0	0188_Benzyl_methyl_sulfide_94dd6af733		
187	Benzyl_tiglate	250096	1	0.0	0.0	0.0	0187_Benzyl_tiglate_5d86afe6f3		
186	1Benzyloxy12methoxyethoxyethane	22235151	1	0.0	0.0	0.0	0186_1Benzyloxy12methoxyethoxyethane_ea28ef8a31		
185	Benzyl_mercaptan	7509	1	0.0	0.0	0.0	0185_Benzyl_mercaptan_60ae8a56c1		
184	Benzyl_levulinate	81359	1	4.0	0.0	0.0	0184_Benzyl_levulinate_8e101ffeaf	fasstrecords	skipped
183	Benzyl_isovalerate	7651	1	0.0	0.0	0.0	0183_Benzyl_isovalerate_a7463ae046		
623	Sodium_Succinate	9020	1	27.0	0.0	0.0	0623_Sodium_Succinate_6fa84788ab	fasstrecords	skipped
181	Benzyl_isobutyrate	7646	1	0.0	0.0	0.0	0181_Benzyl_isobutyrate_7240538bd7		
180	Benzyl_hexanoate	23367	1	0.0	0.0	0.0	0180_Benzyl_hexanoate_23c044d128		
179	3Benzyl4heptanone	5463905	1	0.0	0.0	0.0	0179_3Benzyl4heptanone_641e8ee520		
178	Benzyl_formate	7708	1	0.0	0.0	0.0	0178_Benzyl_formate_fef5054d30		
675	Ethyl_acetoacetate_ethyleneglycol_ketal	80865	1	0.0	0.0	0.0	0675_Ethyl_acetoacetate_ethyleneglycol_ketal_47c4941487		
674	Ethyl_Acetoacetate	8868	1	5.0	0.0	0.0	0674_Ethyl_Acetoacetate_9db88c0589	fasstrecords	skipped
673	Ethyl_Acetate	8857	1	0.0	0.0	0.0	0673_Ethyl_Acetate_aa776d017a		
672	Ethyl_abietate	61182	1	0.0	0.0	0.0	0672_Ethyl_abietate_05d4978879		
671	2Ethoxythiazole	61809	1	0.0	0.0	0.0	0671_2Ethoxythiazole_70bb223e68		
182	Benzyl_Isothiocyanate	2346	1	15.0	0.0	0.0	0182_Benzyl_Isothiocyanate_5c79ee66f5	fasstrecords	skipped
657	23Epoxyoctanal	11804864	1	0.0	0.0	0.0	0657_23Epoxyoctanal_64ff61b53a		
656	23Epoxyheptanal	18606879	1	0.0	0.0	0.0	0656_23Epoxyheptanal_5054f73f57		
655	45epoxyE2decenal	6427068	1	0.0	0.0	0.0	0655_45epoxyE2decenal_4b60631f1e		
654	2E33Pentyl2oxiranyl2propenal	5352429	1	0.0	0.0	0.0	0654_2E33Pentyl2oxiranyl2propenal_20c6bb8cf4		
653	45Epoxy2decenal_2E	15825667	1	0.0	0.0	0.0	0653_45Epoxy2decenal_2E_e55c05a4fc		
652	23Epoxydecanal	71587390	1	0.0	0.0	0.0	0652_23Epoxydecanal_a0595d3ab6		
650	Limonene12epoxide	441245	1	0.0	0.0	0.0	0650_Limonene12epoxide_82ca195ae1		
649	Dodecyl_propionate	80354	1	0.0	0.0	0.0	0649_Dodecyl_propionate_27e8ecc05f		
191	Benzyl_propionate	31219	1	0.0	0.0	0.0	0191_Benzyl_propionate_e9caeaaf77		
647	Lauryl_Lactate	22692	1	0.0	0.0	0.0	0647_Lauryl_Lactate_8bc8835b74		
646	Dodecyl_isobutyrate	243691	1	0.0	0.0	0.0	0646_Dodecyl_isobutyrate_35f0f9041e		
645	Dodecyl_Gallate	14425	1	33.0	0.0	0.0	0645_Dodecyl_Gallate_7ef9f80977	fasstrecords	skipped
643	9Dodecen5olide_9E	71587972	1	0.0	0.0	0.0	0643_9Dodecen5olide_9E_10633da3d2		
642	11Dodecenoic_acid	125207	1	0.0	0.0	0.0	0642_11Dodecenoic_acid_f1b31b47f3		
641	Tangerinal	6430180	1	0.0	0.0	0.0	0641_Tangerinal_ba9f45bc39		
640	2Dodecenal	5283361	1	0.0	0.0	0.0	0640_2Dodecenal_59b563b0d0		
193	Betaine	247	1	1.0	0.0	0.0	0193_Betaine_edd9e21f47	fasstrecords	skipped
192	Benzyl_Salicylate	8363	1	0.0	0.0	0.0	0192_Benzyl_Salicylate_77ad964733		
648	1Dodecanethiol	8195	1	0.0	0.0	0.0	0648_1Dodecanethiol_0fb917294b		
524	Diisopropyl_Adipate	23368	1	0.0	0.0	0.0	0524_Diisopropyl_Adipate_42be06b2cf		
523	Diisopentyl_thiomalate	106530	1	0.0	0.0	0.0	0523_Diisopentyl_thiomalate_64600a992b		
522	Isobutyl_ketone	7958	1	0.0	0.0	0.0	0522_Isobutyl_ketone_d1eceb278b		
553	Dimethyl_dicarbonate	3086	1	0.0	0.0	0.0	0553_Dimethyl_dicarbonate_533f523ed9		
552	35Dimethyl12cyclopentanedione	61634	1	0.0	0.0	0.0	0552_35Dimethyl12cyclopentanedione_7a7df52547		
551	34Dimethyl_12cyclopentandione	61633	1	0.0	0.0	0.0	0551_34Dimethyl_12cyclopentandione_5f46abaf18		
550	alphaalphaDimethylbenzyl_isobutyrate	11830590	1	0.0	0.0	0.0	0550_alphaalphaDimethylbenzyl_isobutyrate_e78c000ff7		
549	Dimethylbenzyl_carbinyl_hexanoate	71587848	1	0.0	0.0	0.0	0549_Dimethylbenzyl_carbinyl_hexanoate_443f5d8dc4		
596	26Dimethylpyrazine	7938	1	0.0	0.0	0.0	0596_26Dimethylpyrazine_2d9e8eadfd		
547	palphaDIMETHYLBENZYL_ALCOHOL	10817	1	0.0	0.0	0.0	0547_palphaDIMETHYLBENZYL_ALCOHOL_d7d706230d		
546	23Dimethylbenzofuran	2734646	1	0.0	0.0	0.0	0546_23Dimethylbenzofuran_488f4a63e8		
545	24Dimethylbenzaldehyde	61814	1	0.0	0.0	0.0	0545_24Dimethylbenzaldehyde_494a4c093e		
544	24Dimethylanisole	81221	1	0.0	0.0	0.0	0544_24Dimethylanisole_79d92f0cdc		
543	Dimethylamine	674	1	0.0	0.0	0.0	0543_Dimethylamine_047aaa859d		
542	Dimethyladipate	12329	1	0.0	0.0	0.0	0542_Dimethyladipate_82dae6c0b7		
541	24Dimethyl5acetylthiazole	520888	1	0.0	0.0	0.0	0541_24Dimethyl5acetylthiazole_f75a154797		
540	14Dimethyl3cyclohexenyl_methyl_ketone	65289	1	0.0	0.0	0.0	0540_14Dimethyl3cyclohexenyl_methyl_ketone_01d389bf8c		
548	Dimethylbenzyl_carbinyl_crotonate	16205756	1	0.0	0.0	0.0	0548_Dimethylbenzyl_carbinyl_crotonate_993a23b810		
511	246Trimethyldihydro135dithiazine	12518	1	0.0	0.0	0.0	0511_246Trimethyldihydro135dithiazine_4dd73900b3		
510	Dihydro32Hthiophenone	61252	1	0.0	0.0	0.0	0510_Dihydro32Hthiophenone_bbd1c330b2		
509	Dihydronootkatone	71587038	1	0.0	0.0	0.0	0509_Dihydronootkatone_99d7de7de2		
508	57Dihydro2methylthieno34dpyrimidine	61951	1	0.0	0.0	0.0	0508_57Dihydro2methylthieno34dpyrimidine_d6048770a1		
507	DIHYDRObetaIONONE	519382	1	0.0	0.0	0.0	0507_DIHYDRObetaIONONE_310ba29c3c		
506	Dihydrobetaionol	579336	1	0.0	0.0	0.0	0506_Dihydrobetaionol_7ead3f631d		
537	34Dimethoxystyrene	61400	1	0.0	0.0	0.0	0537_34Dimethoxystyrene_d90624609c		
536	Rubemamine	1042026	1	0.0	0.0	0.0	0536_Rubemamine_9951347427		
525	Diisopropyl_disulfide	77932	1	0.0	0.0	0.0	0525_Diisopropyl_disulfide_b3b8b2b196		
534	11Dimethoxyhex2ene_2E	6436486	1	0.0	0.0	0.0	0534_11Dimethoxyhex2ene_2E_d0bd9a51c1		
533	11Dimethoxyethane	10795	1	0.0	0.0	0.0	0533_11Dimethoxyethane_2342647c04		
532	N124DimethoxybenzylN22pyridin2ylethyloxalamide	11739408	1	0.0	0.0	0.0	0532_N124DimethoxybenzylN22pyridin2ylethyloxalamide_c437b8d3b1		
531	14Dimethoxybenzene	9016	1	8.0	0.0	0.0	0531_14Dimethoxybenzene_69f42916e6	fasstrecords	skipped
530	13Dimethoxybenzene	9025	1	0.0	0.0	0.0	0530_13Dimethoxybenzene_53e5443d36		
529	Veratrole	7043	1	0.0	0.0	0.0	0529_Veratrole_418f52dc10		
528	Methanedithiol	138818	1	0.0	0.0	0.0	0528_Methanedithiol_074a3f54cf		
527	Dimenthyl_glutarate	583664	1	0.0	0.0	0.0	0527_Dimenthyl_glutarate_331cb2b68d		
526	Diisopropyl_trisulfide	80046	1	0.0	0.0	0.0	0526_Diisopropyl_trisulfide_8c9605e565		
535	26Dimethoxyphenol	7041	1	0.0	0.0	0.0	0535_26Dimethoxyphenol_7fa7724b32		
583	37Dimethyloctanal	110747	1	0.0	0.0	0.0	0583_37Dimethyloctanal_27d24f4843		
582	26Dimethyloctanal	5463910	1	0.0	0.0	0.0	0582_26Dimethyloctanal_971fc46459		
581	N37Dimethyl26octadienyl_cyclopropylcarboxamide_2E	11658617	1	0.0	0.0	0.0	0581_N37Dimethyl26octadienyl_cyclopropylcarboxamide_2E_be5af722f5		
580	24Dimethyl4nonanol	3018500	1	0.0	0.0	0.0	0580_24Dimethyl4nonanol_0d86edb2d0		
579	48Dimethyl37nonadien2one_3Z	5365888	1	0.0	0.0	0.0	0579_48Dimethyl37nonadien2one_3Z_b1b2828fe6		
578	48Dimethyl37nonadien2one	6536892	1	0.0	0.0	0.0	0578_48Dimethyl37nonadien2one_ea1e21ac37		
577	betaSINENSAL	5281535	1	0.0	0.0	0.0	0577_betaSINENSAL_ed7c847028		
575	25Dimethyltetrahydrofuran3thiol	20442793	1	0.0	0.0	0.0	0575_25Dimethyltetrahydrofuran3thiol_800de76f01		
539	24Dimethylacetophenone	6985	1	0.0	0.0	0.0	0539_24Dimethylacetophenone_8241f4493c		
573	45Dimethyl2isobutylthiazole	104513	1	0.0	0.0	0.0	0573_45Dimethyl2isobutylthiazole_b056cd0360		
572	2Isobutyl36dimethylpyrazine	520585	1	0.0	0.0	0.0	0572_2Isobutyl36dimethylpyrazine_2e6df5761a		
571	2Isobutyl35dimethylpyrazine	578817	1	0.0	0.0	0.0	0571_2Isobutyl35dimethylpyrazine_b2788ca590		
570	Sotolone	62835	1	0.0	0.0	0.0	0570_Sotolone_09fd4d0a23		
602	Dimethyl_Sulfoxide	679	1	0.0	0.0	0.0	0602_Dimethyl_Sulfoxide_ef4a329fe2		
601	Dimethyl_Succinate	7820	1	0.0	0.0	0.0	0601_Dimethyl_Succinate_45e589cda3		
600	palphaDimethyl_styrene	62385	1	0.0	0.0	0.0	0600_palphaDimethyl_styrene_2d21073ff3		
599	25Dimethylpyrrole	12265	1	0.0	0.0	0.0	0599_25Dimethylpyrrole_7fcd72cfce		
597	24Dimethylpyridine	7936	1	0.0	0.0	0.0	0597_24Dimethylpyridine_a58a4ebb63		
574	2Isobutyl45dimethyl3thiazoline	4120025	1	0.0	0.0	0.0	0574_2Isobutyl45dimethyl3thiazoline_217fe8be01		
538	233a457aHexahydro36dimethylbenzofuran	586292	1	0.0	0.0	0.0	0538_233a457aHexahydro36dimethylbenzofuran_b0f43368aa		
569	26Dimethyl6hepten1ol	169818	1	0.0	0.0	0.0	0569_26Dimethyl6hepten1ol_d75c6cc40a		
568	26Dimethyl5heptenal_propylene_glycol_acetal	44153717	1	0.0	0.0	0.0	0568_26Dimethyl5heptenal_propylene_glycol_acetal_f93d92e322		
567	26Dimethyl5heptenal	61016	1	0.0	0.0	0.0	0567_26Dimethyl5heptenal_4457aabf9a		
566	26Dimethyl32methyl3furylthio4heptanone	62183	1	0.0	0.0	0.0	0566_26Dimethyl32methyl3furylthio4heptanone_fe7c56d364		
565	26Dimethyl4heptanol	7957	1	0.0	0.0	0.0	0565_26Dimethyl4heptanol_b2bace2633		
564	25Dimethyl3thioacetoxyfuran	108764	1	0.0	0.0	0.0	0564_25Dimethyl3thioacetoxyfuran_9c6b41dc0f		
563	25Dimethyl3furanthiol	41569	1	0.0	0.0	0.0	0563_25Dimethyl3furanthiol_94dedb40d6		
584	37Dimethyl1octanol	7792	1	0.0	0.0	0.0	0584_37Dimethyl1octanol_1aa73e1313		
561	25Dimethylfuran	12266	1	0.0	0.0	0.0	0561_25Dimethylfuran_e51dff9821		
560	2Ethyl45dimethyl3thiazoline	5362584	1	0.0	0.0	0.0	0560_2Ethyl45dimethyl3thiazoline_a599bd8060		
559	4tertButylphenol	7393	1	2.0	0.0	0.0	0559_4tertButylphenol_7305530b40	fasstrecords	skipped
558	4Ethyl25dimethyloxazole	121694	1	0.0	0.0	0.0	0558_4Ethyl25dimethyloxazole_7bac2307c7		
557	25Dimethyl4ethoxy32Hfuranone	3017596	1	0.0	0.0	0.0	0557_25Dimethyl4ethoxy32Hfuranone_90155ffc88		
556	2Dimethylaminoethanol	7902	1	0.0	0.0	0.0	0556_2Dimethylaminoethanol_7c4f360ab8		
555	24Dimethyl13dioxolane	102993	1	0.0	0.0	0.0	0555_24Dimethyl13dioxolane_4125ed081f		
554	25Dimethyl25dihydroxy14dithiane	62105	1	0.0	0.0	0.0	0554_25Dimethyl25dihydroxy14dithiane_999c00fe76		
585	Dehydrolinalool	62842	1	0.0	0.0	0.0	0585_Dehydrolinalool_3022004308		
562	25Dimethyl32Hfuranone	85730	1	11.0	0.0	0.0	0562_25Dimethyl32Hfuranone_36ef55450e	fasstrecords	skipped
772	Ethyl_3mercaptobutyrate	9833996	1	0.0	0.0	0.0	0772_Ethyl_3mercaptobutyrate_cd37e26da3		
771	Ethyl_maltol_isobutyrate	71587819	1	0.0	0.0	0.0	0771_Ethyl_maltol_isobutyrate_139b85b977		
769	Ethyl_linalyl_ether	175211	1	0.0	0.0	0.0	0769_Ethyl_linalyl_ether_fc1458687c		
768	Ethyl_levulinate_propyleneglycol_ketal	221634	1	0.0	0.0	0.0	0768_Ethyl_levulinate_propyleneglycol_ketal_3d71582715		
767	Ethyl_levulinate	10883	1	0.0	0.0	0.0	0767_Ethyl_levulinate_02395381a9		
766	Ethyl_Dodecanoate	7800	1	0.0	0.0	0.0	0766_Ethyl_Dodecanoate_8c6911f8b1		
765	Ethyl_Lactate	7344	1	0.0	0.0	0.0	0765_Ethyl_Lactate_9961ea2cbb		
764	Ethyl_isovalerate	7945	1	0.0	0.0	0.0	0764_Ethyl_isovalerate_32d382eaea		
669	2Ethoxymethylphenol	3486665	1	0.0	0.0	0.0	0669_2Ethoxymethylphenol_b25d7d20ea		
761	Ethyl_isobutyrate	7342	1	6.0	0.0	0.0	0761_Ethyl_isobutyrate_1b547afdf6	fasstrecords	skipped
793	Ethyl_3methylthiobutyrate	22213645	1	0.0	0.0	0.0	0793_Ethyl_3methylthiobutyrate_b2bc5e081d		
792	Ethyl_methylthioacetate	78199	1	0.0	0.0	0.0	0792_Ethyl_methylthioacetate_215c5ab4bd		
791	5Ethyl2methylthiazole	519732	1	0.0	0.0	0.0	0791_5Ethyl2methylthiazole_8acf7a011b		
790	2Ethyl4methyl_thiazole	27440	1	0.0	0.0	0.0	0790_2Ethyl4methyl_thiazole_1cc24dcc95		
789	5Ethyl2methylpyridine	7728	1	0.0	0.0	0.0	0789_5Ethyl2methylpyridine_5c688e32c7		
788	2Ethyl3Methylpyrazine	27457	1	0.0	0.0	0.0	0788_2Ethyl3Methylpyrazine_5f73353336		
787	2Ethyl6methylpyrazine	26332	1	0.0	0.0	0.0	0787_2Ethyl6methylpyrazine_f25e43a6da		
763	Ethyl_isothiocyanate	10966	1	0.0	0.0	0.0	0763_Ethyl_isothiocyanate_63784db400		
758	Ethyl_3hydroxyoctanoate	110975	1	0.0	0.0	0.0	0758_Ethyl_3hydroxyoctanoate_b213873d69		
757	5Ethyl3hydroxy4methyl25Hfuranone	61199	1	0.0	0.0	0.0	0757_5Ethyl3hydroxy4methyl25Hfuranone_76e16f6263		
756	Homofuraneol	33931	1	0.0	0.0	0.0	0756_Homofuraneol_b317989fad		
755	5Ethyl2hydroxy3methylcyclopent2en1one	65427	1	0.0	0.0	0.0	0755_5Ethyl2hydroxy3methylcyclopent2en1one_ff14d08efd		
754	2Cyclopenten1one_3ethyl2hydroxy4methyl	528698	1	0.0	0.0	0.0	0754_2Cyclopenten1one_3ethyl2hydroxy4methyl_4238fb403c		
753	Ethyl_3hydroxyhexanoate	61293	1	0.0	0.0	0.0	0753_Ethyl_3hydroxyhexanoate_02855bbd6e		
752	2Ethylthioethanol	8075	1	0.0	0.0	0.0	0752_2Ethylthioethanol_eeb8b546ba		
751	Ethyl_5hydroxydecanoate	13580494	1	0.0	0.0	0.0	0751_Ethyl_5hydroxydecanoate_91cfc51c28		
773	Ethyl_2mercapto2methylpropionate	14181802	1	0.0	0.0	0.0	0773_Ethyl_2mercapto2methylpropionate_7cad12c90b		
749	Ethyl_3Hydroxybutyrate	62572	1	0.0	0.0	0.0	0749_Ethyl_3Hydroxybutyrate_548724f19a		
748	1Ethylhexyl_tiglate	6008212	1	0.0	0.0	0.0	0748_1Ethylhexyl_tiglate_b991dd5581		
747	2Ethylhexyl_3mercaptopropionate	92640	1	0.0	0.0	0.0	0747_2Ethylhexyl_3mercaptopropionate_ef2eadd029		
746	2Ethylhexyl_benzoate	94310	1	0.0	0.0	0.0	0746_2Ethylhexyl_benzoate_333cd06a7f		
745	Ethyl_5hexenoate	6420258	1	0.0	0.0	0.0	0745_Ethyl_5hexenoate_e0d0163ee0		
777	Ethyl_2methylbutyrate	24020	1	0.0	0.0	0.0	0777_Ethyl_2methylbutyrate_9551a707c3		
776	Ethyl_Nmethylanthranilate	101365	1	0.0	0.0	0.0	0776_Ethyl_Nmethylanthranilate_8e82e5cadf		
775	Ethyl_3mercaptopropionate	21625	1	0.0	0.0	0.0	0775_Ethyl_3mercaptopropionate_0d609cd1ac		
774	Ethyl_2mercaptopropionate	519709	1	0.0	0.0	0.0	0774_Ethyl_2mercaptopropionate_713887e11c		
750	3Ethyl2hydroxy2cyclopenten1one	62752	1	0.0	0.0	0.0	0750_3Ethyl2hydroxy2cyclopenten1one_0ef20260a1		
797	2Ethyl3methylthiopyrazine	175366	1	0.0	0.0	0.0	0797_2Ethyl3methylthiopyrazine_37904c6004		
796	Ethyl_3methylthiopropionate	61592	1	0.0	0.0	0.0	0796_Ethyl_3methylthiopropionate_fc3358e607		
795	Ethyl_3methylsulfanylprop2enoate	518791	1	0.0	0.0	0.0	0795_Ethyl_3methylsulfanylprop2enoate_6448e9353d		
794	Ethyl_3methylthio2propenoate_2Z	5369326	1	0.0	0.0	0.0	0794_Ethyl_3methylthio2propenoate_2Z_8883a730e4		
826	3Ethylpyridine	10823	1	0.0	0.0	0.0	0826_3Ethylpyridine_10805c96b6		
825	2Ethylpyrazine	26331	1	0.0	0.0	0.0	0825_2Ethylpyrazine_43de973d97		
824	1Ethyltrisulfanylpropane	53425122	1	0.0	0.0	0.0	0824_1Ethyltrisulfanylpropane_f299cc8d52		
823	Ethyl_propyl_disulfide	35349	1	0.0	0.0	0.0	0823_Ethyl_propyl_disulfide_6a8e3de7f6		
786	2Ethyl5methylpyrazine	25915	1	0.0	0.0	0.0	0786_2Ethyl5methylpyrazine_3ae2e680e9		
821	Ethyl_3phenylpropionate	16237	1	0.0	0.0	0.0	0821_Ethyl_3phenylpropionate_af165d9143		
820	Ethyl_3phenylglycidate	8469	1	0.0	0.0	0.0	0820_Ethyl_3phenylglycidate_85bdee943b		
819	Ethyl_4phenylbutanoate	61452	1	0.0	0.0	0.0	0819_Ethyl_4phenylbutanoate_7acddf9c7e		
818	Ethyl_phenylacetate	7590	1	0.0	0.0	0.0	0818_Ethyl_phenylacetate_0ddecbd0bf		
817	4Ethylphenol	31242	1	0.0	0.0	0.0	0817_4Ethylphenol_d35cce149b		
816	Ethyl_4pentenoate	74786	1	0.0	0.0	0.0	0816_Ethyl_4pentenoate_08dc8eac06		
815	Ethyl_palmitate	12366	1	0.0	0.0	0.0	0815_Ethyl_palmitate_4cdf46f75a		
814	Ethyl_3oxohexanoate	238498	1	0.0	0.0	0.0	0814_Ethyl_3oxohexanoate_e39b1a9cc6		
813	Ethyl_5oxodecanoate	3022909	1	0.0	0.0	0.0	0813_Ethyl_5oxodecanoate_5a1008d7c8		
822	Ethyl_Propionate	7749	1	0.0	0.0	0.0	0822_Ethyl_Propionate_b1e84af386		
785	Ethyl_2methyl4pentenoate	62024	1	0.0	0.0	0.0	0785_Ethyl_2methyl4pentenoate_a75f079900		
784	Ethyl_2methyl3pentenoate_3E	5463855	1	0.0	0.0	0.0	0784_Ethyl_2methyl3pentenoate_3E_972e19517a		
783	Ethyl_4methylpentanoate	117477	1	0.0	0.0	0.0	0783_Ethyl_4methylpentanoate_4b519252ba		
782	Ethyl_3methylpentanoate	560255	1	0.0	0.0	0.0	0782_Ethyl_3methylpentanoate_a98892618b		
781	Ethyl_2methylpentanoate	62902	1	0.0	0.0	0.0	0781_Ethyl_2methylpentanoate_c67059c1d0		
780	Ethyl_2methyl34pentadienoate	62166	1	0.0	0.0	0.0	0780_Ethyl_2methyl34pentadienoate_2d1523d312		
779	Ethyl_2methyldithiopropionate	90972	1	0.0	0.0	0.0	0779_Ethyl_2methyldithiopropionate_6fd3639538		
778	Ethyl_methyl_disulfide	123388	1	0.0	0.0	0.0	0778_Ethyl_methyl_disulfide_aed29a9f6a		
798	Ethyl_5methylthiovalerate	57509241	1	0.0	0.0	0.0	0798_Ethyl_5methylthiovalerate_a26fd39eae		
808	4Ethyloctanoic_acid	61840	1	5.0	0.0	0.0	0808_4Ethyloctanoic_acid_ce0fc0e029	fasstrecords	skipped
807	Ethyl_octanoate	7799	1	8.0	0.0	0.0	0807_Ethyl_octanoate_39f375fb5d	fasstrecords	skipped
806	Ethyl_47octadienoate_4Z	21159448	1	0.0	0.0	0.0	0806_Ethyl_47octadienoate_4Z_67fe7197b4		
805	Ethyl_stearate	8122	1	0.0	0.0	0.0	0805_Ethyl_stearate_fc876e5bd7		
804	Ethyl2nonynoate	61451	1	0.0	0.0	0.0	0804_Ethyl2nonynoate_e19ff17d8a		
803	Ethyl_Nonanoate	31251	1	0.0	0.0	0.0	0803_Ethyl_Nonanoate_2a264c290b		
802	2E6ZNethylnona26dienamide	11309884	1	0.0	0.0	0.0	0802_2E6ZNethylnona26dienamide_a46e5b9535		
801	Ethyl_Nitrite	8026	1	0.0	0.0	0.0	0801_Ethyl_Nitrite_15374b45a6		
799	Ethyl_3methyl3ptolylglycidate	5362581	1	0.0	0.0	0.0	0799_Ethyl_3methyl3ptolylglycidate_ea77dcb0c7		
809	Ethyl_2octenoate_2E	5364399	1	0.0	0.0	0.0	0809_Ethyl_2octenoate_2E_6a1671caa5		
681	Ethyl_alphabenzylacetoacetate	246929	1	0.0	0.0	0.0	0681_Ethyl_alphabenzylacetoacetate_fada37637f		
680	Ethyl_2acetyloctanoate	121790	1	0.0	0.0	0.0	0680_Ethyl_2acetyloctanoate_2af46c0480		
679	Ethyl_2acetylhexanoate	95466	1	0.0	0.0	0.0	0679_Ethyl_2acetylhexanoate_9448ace597		
678	Ethyl_2benzylidene3oxobutanoate	5376216	1	0.0	0.0	0.0	0678_Ethyl_2benzylidene3oxobutanoate_5608bdbd84		
677	NAcetylthioglycine_Sethyl_ester	15553243	1	0.0	0.0	0.0	0677_NAcetylthioglycine_Sethyl_ester_ca1b42dde8		
676	Ethyl_5acetoxyoctanoate	118225	1	0.0	0.0	0.0	0676_Ethyl_5acetoxyoctanoate_ae360f75f2		
707	4Ethylsyringol	61712	1	0.0	0.0	0.0	0707_4Ethylsyringol_ede616be65		
706	2Ethyl4methyl3thiazoline	58165301	1	0.0	0.0	0.0	0706_2Ethyl4methyl3thiazoline_354078ff87		
759	Ethyl_5hydroxyoctanoate	6432923	1	0.0	0.0	0.0	0759_Ethyl_5hydroxyoctanoate_919c273f64		
704	Ethyl_4decenoate_4E	5362583	1	0.0	0.0	0.0	0704_Ethyl_4decenoate_4E_7b7ded3162		
703	Ethyl_2decenoate_2E	5463904	1	0.0	0.0	0.0	0703_Ethyl_2decenoate_2E_72738089de		
702	Ethyl_247decatrienoate	3018771	1	0.0	0.0	0.0	0702_Ethyl_247decatrienoate_c9514e060a		
701	Ethyl_caprate	8048	1	0.0	0.0	0.0	0701_Ethyl_caprate_f0974e4552		
700	Ethyl_24decadienoate_2E4Z	5281162	1	0.0	0.0	0.0	0700_Ethyl_24decadienoate_2E4Z_714639ded7		
699	Ethyl_cyclohexane_propionate	61466	1	0.0	0.0	0.0	0699_Ethyl_cyclohexane_propionate_5e31fb66d2		
698	Ethyl_cyclohexanoate	18686	1	0.0	0.0	0.0	0698_Ethyl_cyclohexanoate_3ed37f3cbc		
697	Ethyl_transcrotonate	429065	1	0.0	0.0	0.0	0697_Ethyl_transcrotonate_27519c3f0d		
705	Ethyl_45dihydro25dimethyl4oxo3furancarboxylate	12412763	1	0.0	0.0	0.0	0705_Ethyl_45dihydro25dimethyl4oxo3furancarboxylate_ec64feedb1		
668	1Ethoxy3methyl2butene	5463936	1	0.0	0.0	0.0	0668_1Ethoxy3methyl2butene_d2aa320222		
667	2Ethoxy3isopropylpyrazine	175170	1	0.0	0.0	0.0	0667_2Ethoxy3isopropylpyrazine_4c874537cc		
666	2Ethoxy3ethylpyrazine	520722	1	0.0	0.0	0.0	0666_2Ethoxy3ethylpyrazine_f0a2950e27		
665	NEthoxycarbonylmethylpmenthane3carboxamide	11615984	1	0.0	0.0	0.0	0665_NEthoxycarbonylmethylpmenthane3carboxamide_5bd124d59f		
664	4Ethoxybenzaldehyde	24834	1	0.0	0.0	0.0	0664_4Ethoxybenzaldehyde_55f6bacd52		
663	Ethanethiol	6343	1	0.0	0.0	0.0	0663_Ethanethiol_5156cc64ad		
662	12Ethanedithiol	10902	1	0.0	0.0	0.0	0662_12Ethanedithiol_cbbca08cbb		
661	11Ethanedithiol	33645	1	0.0	0.0	0.0	0661_11Ethanedithiol_5750df0b9c		
682	1Ethyl2acetyl_pyrrole	61988	1	0.0	0.0	0.0	0682_1Ethyl2acetyl_pyrrole_4caff4f5cf		
691	Ethylene_brassylate	61014	1	0.0	0.0	0.0	0691_Ethylene_brassylate_19e73e4152		
690	Ethyl_benzoylacetate	7170	1	0.0	0.0	0.0	0690_Ethyl_benzoylacetate_5caccf1382		
689	Ethyl_benzoate	7165	1	7.0	0.0	0.0	0689_Ethyl_benzoate_e1010efe41	fasstrecords	skipped
688	4Ethylbenzaldehyde	20861	1	0.0	0.0	0.0	0688_4Ethylbenzaldehyde_6a8b7f7b3e		
687	Ethyl_2aminobenzoate	6877	1	1.0	0.0	0.0	0687_Ethyl_2aminobenzoate_0834a9c305	fasstrecords	skipped
686	Ethyl_anisate	60979	1	0.0	0.0	0.0	0686_Ethyl_anisate_d198792035		
685	Ethylamine	6341	1	0.0	0.0	0.0	0685_Ethylamine_c4a9b10655		
684	Ethanol	702	1	0.0	0.0	0.0	0684_Ethanol_ab1de819ed		
683	Ethyl_4acetylthiobutyrate	54048924	1	0.0	0.0	0.0	0683_Ethyl_4acetylthiobutyrate_b28635e41d		
658	Epoxyoxophorone	3853254	1	0.0	0.0	0.0	0658_Epoxyoxophorone_56771040bc		
708	2Ethyl45dimethyloxazole	62069	1	0.0	0.0	0.0	0708_2Ethyl45dimethyloxazole_64537d9a80		
744	Ethyl_3hexenoate_3Z	5362623	1	0.0	0.0	0.0	0744_Ethyl_3hexenoate_3Z_e60e183939		
743	Ethyl_3hexenoate	5362622	1	0.0	0.0	0.0	0743_Ethyl_3hexenoate_5940db4a60		
742	Ethyl_trans2hexenoate	5364778	1	0.0	0.0	0.0	0742_Ethyl_trans2hexenoate_0a5790b90d		
741	2Ethyl3propylacrolein	5354264	1	0.0	0.0	0.0	0741_2Ethyl3propylacrolein_e64d15402e		
740	2Ethylhexanol	7720	1	0.0	0.0	0.0	0740_2Ethylhexanol_69116bef46		
739	Ethyl_hexanoate	31265	1	0.0	0.0	0.0	0739_Ethyl_hexanoate_d567876e2e		
738	2Ethylhexanethiol	110968	1	0.0	0.0	0.0	0738_2Ethylhexanethiol_c980e21574		
696	Ethyl_Cinnamate	637758	1	0.0	0.0	0.0	0696_Ethyl_Cinnamate_2ffa6fb163		
736	2Ethyl2heptenal	6435838	1	0.0	0.0	0.0	0736_2Ethyl2heptenal_0699d6b3b4		
735	Ethyl_Heptanoate	7797	1	0.0	0.0	0.0	0735_Ethyl_Heptanoate_aa97e95231		
734	4Ethylguaiacol	62465	1	0.0	0.0	0.0	0734_4Ethylguaiacol_26e60eaf2e		
733	EEthyl_32furylacrylate	699489	1	0.0	0.0	0.0	0733_EEthyl_32furylacrylate_60e9a72d8c		
732	Ethyl_3furfurylthiopropionate	556940	1	0.0	0.0	0.0	0732_Ethyl_3furfurylthiopropionate_356b536144		
731	Furfuryl_ethyl_ether	80455	1	0.0	0.0	0.0	0731_Furfuryl_ethyl_ether_80504e0ace		
730	Ethyl_2furanpropionate	61450	1	0.0	0.0	0.0	0730_Ethyl_2furanpropionate_6fed909bc3		
729	2Ethylfuran	18554	1	0.0	0.0	0.0	0729_2Ethylfuran_912effbb06		
760	Ethyl_phenyllactate_	6429708	1	0.0	0.0	0.0	0760_Ethyl_phenyllactate_d33b3ec8cf		
737	Ethyl_cis4heptenoate	15824502	1	0.0	0.0	0.0	0737_Ethyl_cis4heptenoate_28b4017420		
695	2Ethylbutyric_acid	6915	1	5.0	0.0	0.0	0695_2Ethylbutyric_acid_2ba0a4db4c	fasstrecords	skipped
694	Ethyl_butyrate	7762	1	0.0	0.0	0.0	0694_Ethyl_butyrate_07d961449d		
693	2Ethylbutyraldehyde	7359	1	0.0	0.0	0.0	0693_2Ethylbutyraldehyde_821ab85891		
692	2Ethylbutyl_acetate	61448	1	0.0	0.0	0.0	0692_2Ethylbutyl_acetate_0d711493f8		
728	Ethyl_3ethylthiobutyrate	3021670	1	0.0	0.0	0.0	0728_Ethyl_3ethylthiobutyrate_65157e0eb3		
727	Ethyl_2ethyl3phenylpropanoate	62469	1	0.0	0.0	0.0	0727_Ethyl_2ethyl3phenylpropanoate_6857a98190		
726	Ethyl_alphaethylbetamethylbetaphenylglycidate	71587032	1	0.0	0.0	0.0	0726_Ethyl_alphaethylbetamethylbetaphenylglycidate_346dab2c7e		
725	Ethyl_2ethylhexanoate	102916	1	0.0	0.0	0.0	0725_Ethyl_2ethylhexanoate_8a0a905142		
709	2Ethyl35dimethylpyrazine	26334	1	0.0	0.0	0.0	0709_2Ethyl35dimethylpyrazine_0145d3ba64		
723	Ethyl_Nethylanthranilate	61980	1	0.0	0.0	0.0	0723_Ethyl_Nethylanthranilate_d7ebddae75		
722	Phenoxyethanol	31236	1	0.0	0.0	0.0	0722_Phenoxyethanol_810ee20df7		
721	Glycol_monoethyl_ether	8076	1	0.0	0.0	0.0	0721_Glycol_monoethyl_ether_6f2723925e		
720	2Butoxyethanol	8133	1	0.0	0.0	0.0	0720_2Butoxyethanol_00d461195d		
719	Glycol_Distearate	61174	1	0.0	0.0	0.0	0719_Glycol_Distearate_64c00c2ea3		
718	12Dichloroethane	11	1	0.0	0.0	0.0	0718_12Dichloroethane_3cbabee25f		
712	Ethylenediamine	3301	1	0.0	0.0	0.0	0712_Ethylenediamine_dcc73bf631		
711	Ethyl24dioxohexanoate	61590	1	0.0	0.0	0.0	0711_Ethyl24dioxohexanoate_291ccc67dd		
710	5Ethyl23dimethylpyrazine	27460	1	0.0	0.0	0.0	0710_5Ethyl23dimethylpyrazine_a23a3f2df0		
724	Ethyl_2ethylbutyrate	76326	1	0.0	0.0	0.0	0724_Ethyl_2ethylbutyrate_4bba7877be		
319	betaCaryophyllene_alcohol_acetate	90473619	1	0.0	0.0	0.0	0319_betaCaryophyllene_alcohol_acetate_de24d6860e		
318	Caryophyllene_alcohol_acetate	155926088	1	0.0	0.0	0.0	0318_Caryophyllene_alcohol_acetate_ff875ad59e		
317	Caryophyllene_alcohol	11746218	1	4.0	0.0	0.0	0317_Caryophyllene_alcohol_41146dca3a	fasstrecords	skipped
316	Caryophyllene	5281515	1	64.0	0.0	0.0	0316_Caryophyllene_9c68fb9d98	fasstrecords	skipped
315	Carvyl_propionate_	7336	1	0.0	0.0	0.0	0315_Carvyl_propionate_aefed2605e		
314	Carvyl_palmitate	73425517	1	0.0	0.0	0.0	0314_Carvyl_palmitate_75a26fa036		
312	Carvone56oxide_cis	11030188	1	0.0	0.0	0.0	0312_Carvone56oxide_cis_43b90d4210		
310	Carvomenthol	62350	1	0.0	0.0	0.0	0310_Carvomenthol_9a6bf3ffa5		
512	246Triisobutyl56dihydro4H135dithiazine	46941523	1	0.0	0.0	0.0	0512_246Triisobutyl56dihydro4H135dithiazine_d3c79652eb		
307	Carvacryl_ethyl_ether	527268	1	0.0	0.0	0.0	0307_Carvacryl_ethyl_ether_b3db7650ee		
306	Carvacrol	10364	1	0.0	0.0	0.0	0306_Carvacrol_26c9e2dcf3		
304	Carmine	14749	1	22.0	0.0	0.0	0304_Carmine_b6e7aa4c9a	fasstrecords	skipped
303	3Carene	26049	1	0.0	0.0	0.0	0303_3Carene_27ca99ab30		
299	alphaCAMPHOLENOL	61284	1	0.0	0.0	0.0	0299_alphaCAMPHOLENOL_3f2132ee04		
335	Chlorophyll	156620228	1	0.0	0.0	0.0	0335_Chlorophyll_1bc6e34247		
334	Chloropentafluoroethane	6430	1	0.0	0.0	0.0	0334_Chloropentafluoroethane_fb0572b748		
333	Chloromethyl_Methyl_Ether	7864	1	0.0	0.0	0.0	0333_Chloromethyl_Methyl_Ether_6f9669b5fe		
309	Terpinen4ol	11230	1	4.0	0.0	0.0	0309_Terpinen4ol_e3d027c2c1	fasstrecords	skipped
213	Isobornyl_formate	23623868	1	0.0	0.0	0.0	0213_Isobornyl_formate_a88180ae4a		
212	Bicyclo221heptan2ol_177trimethyl_formate_endo	22211593	1	0.0	0.0	0.0	0212_Bicyclo221heptan2ol_177trimethyl_formate_endo_ad651a121b		
211	1R2S4RBorn2yl_formate	13428328	1	0.0	0.0	0.0	0211_1R2S4RBorn2yl_formate_0223549224		
210	Bornyl_formate	518472	1	0.0	0.0	0.0	0210_Bornyl_formate_6105c29dfe		
273	Butyl_valerate	61137	1	0.0	0.0	0.0	0273_Butyl_valerate_f764b5b07e		
298	Campholene_acetate	21149427	1	0.0	0.0	0.0	0298_Campholene_acetate_2d00fbb37c		
297	Camphene	6616	1	0.0	0.0	0.0	0297_Camphene_1148a0939d		
296	Calcium_stearoyl2lactylate	22037	1	0.0	0.0	0.0	0296_Calcium_stearoyl2lactylate_e8411bfb3c		
225	Butanethiol	8012	1	0.0	0.0	0.0	0225_Butanethiol_d807279599		
290	Calcium_lignosulfonate	24711	1	0.0	0.0	0.0	0290_Calcium_lignosulfonate_3877c1f7ae		
287	Calcium_fumarate	6433512	1	483.0	0.0	0.0	0287_Calcium_fumarate_a7dbaf4da6	fasstrecords	skipped
282	Calcium_octanoate	16610	1	12.0	0.0	0.0	0282_Calcium_octanoate_650a76d642	fasstrecords	skipped
281	Calcium_decanoate	61674	1	24.0	0.0	0.0	0281_Calcium_decanoate_de76b806fe	fasstrecords	skipped
280	Calcium_bromate	61478	1	0.0	0.0	0.0	0280_Calcium_bromate_76ccc02860		
277	2Butyrylfuran	228588	1	0.0	0.0	0.0	0277_2Butyrylfuran_2651b3df01		
276	Butyric_Acid	264	1	112.0	0.0	0.0	0276_Butyric_Acid_c29085349d	fasstrecords	skipped
275	Butyramide	10927	1	0.0	0.0	0.0	0275_Butyramide_514049b520		
274	Butanal	261	1	0.0	0.0	0.0	0274_Butanal_db6de2fd65		
295	Calcium_peroxide	14779	1	0.0	0.0	0.0	0295_Calcium_peroxide_8bb7518fd7		
345	Cinnamyl_butyrate	5355254	1	0.0	0.0	0.0	0345_Cinnamyl_butyrate_e650315c16		
344	Cinnamyl_benzoate	5705112	1	0.0	0.0	0.0	0344_Cinnamyl_benzoate_be96e39f71		
342	Cinnamyl_Acetate	5282110	1	0.0	0.0	0.0	0342_Cinnamyl_Acetate_433aa9a287		
340	Cinnamaldehyde_propyleneglycol_acetal	6017272	1	0.0	0.0	0.0	0340_Cinnamaldehyde_propyleneglycol_acetal_03832deaa7		
339	Cinnamaldehyde_ethylene_glycol_acetal	6284401	1	0.0	0.0	0.0	0339_Cinnamaldehyde_ethylene_glycol_acetal_4445b87ad0		
338	Cinnamaldehyde	637511	1	15.0	0.0	0.0	0338_Cinnamaldehyde_42e3a54f91	fasstrecords	skipped
337	14Cineole	10106	1	0.0	0.0	0.0	0337_14Cineole_e5f2eb6488		
369	3Nonen1ol_3Z	5364631	1	0.0	0.0	0.0	0369_3Nonen1ol_3Z_9af7107889		
332	Chloroform	6212	1	0.0	0.0	0.0	0332_Chloroform_eed6139031		
367	3Hexenyl_hexanoate_3Z	5352543	1	0.0	0.0	0.0	0367_3Hexenyl_hexanoate_3Z_4362002b5e		
366	3Hexen1ol_formate_Z	5365587	1	0.0	0.0	0.0	0366_3Hexen1ol_formate_Z_ab87aeae5d		
365	Hex3Zenyl_hex3Zenoate	6435882	1	0.0	0.0	0.0	0365_Hex3Zenyl_hex3Zenoate_1284e9eb25		
364	cis3Hexenyl_butanoate	5352438	1	0.0	0.0	0.0	0364_cis3Hexenyl_butanoate_b9e38143bd		
363	Hexenyl_acetoacetate_3Z	20836219	1	0.0	0.0	0.0	0363_Hexenyl_acetoacetate_3Z_748d5d71c7		
362	cis3HEXENYL_ACETATE	5363388	1	0.0	0.0	0.0	0362_cis3HEXENYL_ACETATE_156591c296		
361	3Hexenol	5281167	1	0.0	0.0	0.0	0361_3Hexenol_cd9448c480		
360	3Hexenoic_acid_Z	5355152	1	0.0	0.0	0.0	0360_3Hexenoic_acid_Z_981f999c65		
359	4Heptenal_4Z	5362814	1	0.0	0.0	0.0	0359_4Heptenal_4Z_0e691dd602		
368	5Isopropenylcis2methylcyclopentane1carboxaldehyde_cis	62095	1	0.0	0.0	0.0	0368_5Isopropenylcis2methylcyclopentane1carboxaldehyde_cis_fcc617d100		
331	Cfc_113	6428	1	0.0	0.0	0.0	0331_Cfc_113_e06eb8f413		
330	Chlorine_Dioxide	24870	1	0.0	0.0	0.0	0330_Chlorine_Dioxide_cc06be7f16		
329	Chlorine	24526	1	0.0	0.0	0.0	0329_Chlorine_942c3cd8d0		
328	Cetyl_Alcohol	2682	1	0.0	0.0	0.0	0328_Cetyl_Alcohol_c1136ae42d		
327	Cedryl_Acetate	13918856	1	0.0	0.0	0.0	0327_Cedryl_Acetate_49fd15a433		
326	1H3a7Methanoazulen6ol_octahydro3688tetramethyl_3R3alpha3abeta6alpha7beta8aalpha	6432709	1	1.0	0.0	0.0	0326_1H3a7Methanoazulen6ol_octahydro3688tetramethyl_3R3alpha3abeta6alpha7beta8aalpha_edc6faab00	fasstrecords	skipped
325	1R2R5R7S8R2668tetramethyltricyclo531015undecan8ol	7285502	1	1.0	0.0	0.0	0325_1R2R5R7S8R2668tetramethyltricyclo531015undecan8ol_54fbb919d4	fasstrecords	skipped
324	Cedran8ol	522667	1	1.0	0.0	0.0	0324_Cedran8ol_d32ad0eef7	fasstrecords	skipped
346	Cinnamyl_cinnamate	1550890	1	0.0	0.0	0.0	0346_Cinnamyl_cinnamate_9829af0ac6		
322	Cedrol	65575;6708665	2	2.0	0.0	0.0	0322_Cedrol_fc54b28189	fasstrecords	skipped
320	BetaCaryophyllene_Alcohol	61125	1	4.0	0.0	0.0	0320_BetaCaryophyllene_Alcohol_a6417eefbb	fasstrecords	skipped
353	cisand_trans5Ethyl4methyl22butylthiazoline	131751266	1	0.0	0.0	0.0	0353_cisand_trans5Ethyl4methyl22butylthiazoline_87a95f80a4		
352	Ethyl_24dimethyl13dioxolane2acetate	95392	1	0.0	0.0	0.0	0352_Ethyl_24dimethyl13dioxolane2acetate_cefe8a6e15		
351	Cinnamyl_propionate	5355850	1	0.0	0.0	0.0	0351_Cinnamyl_propionate_83420b835d		
350	Cinnamyl_phenylacetate	5370599	1	0.0	0.0	0.0	0350_Cinnamyl_phenylacetate_bb4b482d57		
349	Cinnamyl_isovalerate	5355855	1	0.0	0.0	0.0	0349_Cinnamyl_isovalerate_e3f2616468		
348	Cinnamyl_isobutyrate	5355851	1	0.0	0.0	0.0	0348_Cinnamyl_isobutyrate_a4ab4843b0		
347	Cinnamyl_formate	5354883	1	0.0	0.0	0.0	0347_Cinnamyl_formate_5703ed42db		
323	CID_12302603	12302603	1	1.0	0.0	0.0	0323_CID_12302603_0b298323a4	fasstrecords	skipped
236	1Butanol	263	1	0.0	0.0	0.0	0236_1Butanol_581b7efd3d		
235	Butyl_acetoacetate	11576	1	0.0	0.0	0.0	0235_Butyl_acetoacetate_a7f0e93831		
234	Butyl_Acetate	31272	1	8.0	0.0	0.0	0234_Butyl_Acetate_8be557195a	fasstrecords	skipped
233	1Methylthio1butene_1E	5368103	1	0.0	0.0	0.0	0233_1Methylthio1butene_1E_3e933c35b2		
232	1Buten1yl_methyl_sulfide	519416	1	0.0	0.0	0.0	0232_1Buten1yl_methyl_sulfide_063b1a8639		
231	3Butenyl_isothiocyanate	76922	1	0.0	0.0	0.0	0231_3Butenyl_isothiocyanate_2fe249c482		
230	4Z4Ebut2enylidene355trimethylcyclohex2en1one	6437599	1	0.0	0.0	0.0	0230_4Z4Ebut2enylidene355trimethylcyclohex2en1one_ec3f4634fe		
229	Crotonic_Acid	637090	1	3.0	0.0	0.0	0229_Crotonic_Acid_0f930c18d6	fasstrecords	skipped
214	Borneol_formate	6432696	1	0.0	0.0	0.0	0214_Borneol_formate_870ef49fde		
227	Methyl_Ethyl_Ketone	6569	1	0.0	0.0	0.0	0227_Methyl_Ethyl_Ketone_a6d7f82acf		
226	2Butanol	6568	1	0.0	0.0	0.0	0226_2Butanol_6c20e777b1		
1320	Calcium_iodate	24619	1	0.0	0.0	0.0	1320_Calcium_iodate_5f5a809412		
1319	Potassium_Iodide	4875	1	0.0	0.0	0.0	1319_Potassium_Iodide_a83dd0ccbf		
255	Butyl_isobutyrate	7353	1	0.0	0.0	0.0	0255_Butyl_isobutyrate_c459ac94b6		
253	Butylparaben	7184	1	31.0	0.0	0.0	0253_Butylparaben_b10eddbf9a	fasstrecords	skipped
252	Butyl_hexanoate	12294	1	4.0	0.0	0.0	0252_Butyl_hexanoate_bda729e38d	fasstrecords	skipped
251	Butyl_heptanoate	21596	1	0.0	0.0	0.0	0251_Butyl_heptanoate_f407284fb0		
228	Butan3one2yl_butanoate	529253	1	0.0	0.0	0.0	0228_Butan3one2yl_butanoate_f5c35cf02c		
1306	Potassium_Sorbate	23676745	1	17.0	0.0	0.0	1306_Potassium_Sorbate_14b9f3b296	fasstrecords	skipped
1329	Ferric_sodium_pyrophosphate	24862	1	0.0	0.0	0.0	1329_Ferric_sodium_pyrophosphate_d6646ff3c2		
1318	Potassium_Iodate	23665710	1	0.0	0.0	0.0	1318_Potassium_Iodate_5f5a809412		
1305	Sorbic_Acid	643460	1	17.0	0.0	0.0	1305_Sorbic_Acid_14b9f3b296	fasstrecords	skipped
1299	Magnesium_Chloride	5360315	1	0.0	0.0	0.0	1299_Magnesium_Chloride_68bd1bd95b		
1298	Magnesium_Hydrogen_Phosphate	123955	1	6.0	0.0	0.0	1298_Magnesium_Hydrogen_Phosphate_4332f3bd63	fasstrecords	skipped
1297	Magnesium_Carbonate	11029	1	0.0	0.0	0.0	1297_Magnesium_Carbonate_ec36fd9b85		
1296	Magnesium_Oxide	14792	1	0.0	0.0	0.0	1296_Magnesium_Oxide_48856c3a0b		
237	Butylamine	8007	1	2.0	0.0	0.0	0237_Butylamine_58e6a18135	fasstrecords	skipped
1294	Sulfuric_acid_magnesium_salt_11	24083	1	0.0	0.0	0.0	1294_Sulfuric_acid_magnesium_salt_11_7283160152		
1292	Talc	165411828	1	0.0	0.0	0.0	1292_Talc_c3c6998982		
1291	Calcium_Silicate	73415800	1	0.0	0.0	0.0	1291_Calcium_Silicate_0e6d99eac2		
1290	Aluminum_Calcium_Sodium_Silicate	44144394	1	0.0	0.0	0.0	1290_Aluminum_Calcium_Sodium_Silicate_0e6d99eac2		
33	Acetoin_Acetate	521246	1	0.0	0.0	0.0	0033_Acetoin_Acetate_9cb96de741		
31	S12Acetyloxyethylbutyl_ethanethioate	2733977	1	0.0	0.0	0.0	0031_S12Acetyloxyethylbutyl_ethanethioate_56bc8feda3		
30	2Acetyl4isopropylpyridine	529345	1	0.0	0.0	0.0	0030_2Acetyl4isopropylpyridine_b24d08e76a		
1326	Octanoic_acid_iron_salt_1	5463896	1	12.0	0.0	0.0	1326_Octanoic_acid_iron_salt_1_650a76d642	fasstrecords	skipped
238	SecButylamine	24874	1	0.0	0.0	0.0	0238_SecButylamine_add8c55801		
1295	Magnesium_Hydroxide	73981	1	0.0	0.0	0.0	1295_Magnesium_Hydroxide_c4694f2e93		
263	Butyl_betamethylthioacrylate	71587283	1	0.0	0.0	0.0	0263_Butyl_betamethylthioacrylate_f8826dc658		
262	Butyl_2methyl_butyrate	61812	1	0.0	0.0	0.0	0262_Butyl_2methyl_butyrate_f62c66309f		
261	Butyl_levulinate	16331	1	0.0	0.0	0.0	0261_Butyl_levulinate_b7a0d73213		
260	Butyl_laurate	61015	1	0.0	0.0	0.0	0260_Butyl_laurate_ba36a2ff49		
259	Butyl_Lactate	8738	1	0.0	0.0	0.0	0259_Butyl_Lactate_52a5ecee39		
258	Butyl_isovalerate	7981	1	0.0	0.0	0.0	0258_Butyl_isovalerate_377a1de8da		
257	2Butyl_isothiocyanate	78151	1	0.0	0.0	0.0	0257_2Butyl_isothiocyanate_7ac48633ed		
256	Butyl_Isothiocyanate	11613	1	0.0	0.0	0.0	0256_Butyl_Isothiocyanate_b0840719f5		
250	2Butylfuran	20534	1	0.0	0.0	0.0	0250_2Butylfuran_c0d627773b		
223	13Butanedithiol	520119	1	0.0	0.0	0.0	0223_13Butanedithiol_075b6c56b1		
222	12Butanedithiol	61829	1	0.0	0.0	0.0	0222_12Butanedithiol_2ef563bf6e		
221	Butane	7843	1	0.0	0.0	0.0	0221_Butane_90b4853e06		
220	Butanal_dibenzyl_thioacetal	71587383	1	0.0	0.0	0.0	0220_Butanal_dibenzyl_thioacetal_225fdbb949		
219	4Methylthiobutanal	62000	1	0.0	0.0	0.0	0219_4Methylthiobutanal_d7dd7bb313		
218	Benzene_ethenyl_polymer_with_13butadiene	62697	1	3.0	0.0	0.0	0218_Benzene_ethenyl_polymer_with_13butadiene_5bdf773e42	fasstrecords	skipped
217	betaBourbonene	62566	1	0.0	0.0	0.0	0217_betaBourbonene_37a435378d		
216	Bornyl_valerate	16220080	1	0.0	0.0	0.0	0216_Bornyl_valerate_590806f34b		
215	Bornyl_isovalerate	23623651	1	0.0	0.0	0.0	0215_Bornyl_isovalerate_7f2ed0d70e		
224	23Butanedithiol	548353	1	0.0	0.0	0.0	0224_23Butanedithiol_d2fecd1e28		
249	Butyl_Formate	11614	1	0.0	0.0	0.0	0249_Butyl_Formate_d5043cf80d		
248	Butyl_ethyl_malonate	5140436	1	0.0	0.0	0.0	0248_Butyl_ethyl_malonate_27629f0251		
247	Butyl_ethyl_disulfide	522111	1	0.0	0.0	0.0	0247_Butyl_ethyl_disulfide_ea4e933ad2		
246	13Butanediol	7896	1	0.0	0.0	0.0	0246_13Butanediol_6413e1218b		
245	Butyl_2decenoate	5463906	1	0.0	0.0	0.0	0245_Butyl_2decenoate_0a54f84138		
244	Butyl_Cinnamate	5273465	1	0.0	0.0	0.0	0244_Butyl_Cinnamate_b6231c7fff		
243	Butylcinnamaldehyde_alpha	5385520	1	0.0	0.0	0.0	0243_Butylcinnamaldehyde_alpha_5d10e343ac		
242	Butyl_Butyryllactate	24114	1	0.0	0.0	0.0	0242_Butyl_Butyryllactate_4e5ec03723		
264	Butyl_betanaphthyl_ether	82664	1	0.0	0.0	0.0	0264_Butyl_betanaphthyl_ether_50c43f2b4d		
240	2Ethylidenehexanal	5463946	1	0.0	0.0	0.0	0240_2Ethylidenehexanal_68cf4ee177		
239	Butyl_anthranilate	24433	1	0.0	0.0	0.0	0239_Butyl_anthranilate_5847534694		
272	Butyl_10undecenoate	61027	1	0.0	0.0	0.0	0272_Butyl_10undecenoate_f4d39e5ddb		
271	Dibutyl_sulfide	11002	1	0.0	0.0	0.0	0271_Dibutyl_sulfide_69a81224b9		
270	Butyl_Stearate	31278	1	5.0	0.0	0.0	0270_Butyl_Stearate_c050c08a7d	fasstrecords	skipped
269	Butyl_salicylate	16330	1	0.0	0.0	0.0	0269_Butyl_salicylate_f193f84b2e		
268	Butyl_propionate	11529	1	0.0	0.0	0.0	0268_Butyl_propionate_2d1badcd4d		
266	Butyl_phenylacetate	31210	1	0.0	0.0	0.0	0266_Butyl_phenylacetate_4b4443cb7a		
265	Butyl_9sulfooxystearate	85719	1	0.0	0.0	0.0	0265_Butyl_9sulfooxystearate_2890e8301a		
241	Butyl_butyrate	7983	1	0.0	0.0	0.0	0241_Butyl_butyrate_f9552b13af		
438	1Decanol	8174	1	0.0	0.0	0.0	0438_1Decanol_2c0c08c878		
471	6Undecanone	13561	1	0.0	0.0	0.0	0471_6Undecanone_47f4888662		
470	Diallyl_Trisulfide	16315	1	15.0	0.0	0.0	0470_Diallyl_Trisulfide_9ebb2c7a4b	fasstrecords	skipped
469	89Dehydrotheaspirone	11745805	1	0.0	0.0	0.0	0469_89Dehydrotheaspirone_7c7301ba13		
468	Dehydronootkatone	71586808	1	0.0	0.0	0.0	0468_Dehydronootkatone_1c99851e3e		
467	6R56Dihydro36dimethyl24Hbenzofuranone	71587277	1	0.0	0.0	0.0	0467_6R56Dihydro36dimethyl24Hbenzofuranone_ef8ef80b7d		
466	Dihydrodehydrobetaionone	577126	1	0.0	0.0	0.0	0466_Dihydrodehydrobetaionone_4521fce012		
465	Dehydrodihydroionol	62126	1	0.0	0.0	0.0	0465_Dehydrodihydroionol_57512b2be3		
357	5Methyl2propan2yl5sulfanylcyclohexan1one	23341028	1	0.0	0.0	0.0	0357_5Methyl2propan2yl5sulfanylcyclohexan1one_39a55ddc26		
463	Decyl_propionate	229385	1	0.0	0.0	0.0	0463_Decyl_propionate_d632fe9f1b		
462	2Decylfuran	12762300	1	0.0	0.0	0.0	0462_2Decylfuran_6b132a8f60		
461	Decyl_butyrate	229387	1	0.0	0.0	0.0	0461_Decyl_butyrate_a7f4b9dbac		
459	4Decenyl_acetate_4Z	5352830	1	1.0	0.0	0.0	0459_4Decenyl_acetate_4Z_7511cf2855	fasstrecords	skipped
458	9Decen2one	118782	1	0.0	0.0	0.0	0458_9Decen2one_e3b18e8636		
457	3Decen2one_3E	5363233	1	0.0	0.0	0.0	0457_3Decen2one_3E_d0854ca051		
456	9Decen5olide	21885377	1	0.0	0.0	0.0	0456_9Decen5olide_a4a5150b5b		
455	8Decen5olide	6438319	1	0.0	0.0	0.0	0455_8Decen5olide_db03d9bea1		
464	Dehydroacetic_acid	122903	1	7.0	0.0	0.0	0464_Dehydroacetic_acid_fb7f3e9d09	fasstrecords	skipped
423	Cysteine_Hydrochloride	60960	1	29.0	0.0	0.0	0423_Cysteine_Hydrochloride_f1ee6155c5	fasstrecords	skipped
422	LCysteine	5862	1	29.0	0.0	0.0	0422_LCysteine_f1ee6155c5	fasstrecords	skipped
421	PCymene	7463	1	0.0	0.0	0.0	0421_PCymene_bb7748a94b		
420	Cyclotene_propionate	66600	1	0.0	0.0	0.0	0420_Cyclotene_propionate_0df206d892		
454	7Decen4olide	155887632	1	0.0	0.0	0.0	0454_7Decen4olide_fee1698c77		
453	1Decen3ol	170977	1	0.0	0.0	0.0	0453_1Decen3ol_b10a8ec20b		
451	6Decenoic_acid_6E	5362594	1	0.0	0.0	0.0	0451_6Decenoic_acid_6E_5f372e1f13		
450	5Decenoic_acid	53400879	1	0.0	0.0	0.0	0450_5Decenoic_acid_ca4a94f27a		
439	2Decanone	12741	1	0.0	0.0	0.0	0439_2Decanone_0cf78fd554		
448	4Decenoic_Acid	93732	1	0.0	0.0	0.0	0448_4Decenoic_Acid_ae6ee86c96		
447	trans2Decenoic_acid	5282724	1	0.0	0.0	0.0	0447_trans2Decenoic_acid_9daef4d9ac		
446	4Decenal	61875	1	0.0	0.0	0.0	0446_4Decenal_6fd611c235		
445	2Decenal_2Z	5354834	1	0.0	0.0	0.0	0445_2Decenal_2Z_e05fee7b54		
444	Dec2enal	19801	1	0.0	0.0	0.0	0444_Dec2enal_868412a41d		
443	2EDecenal	5283345	1	0.0	0.0	0.0	0443_2EDecenal_05259f9860		
442	9Decenal	162392	1	0.0	0.0	0.0	0442_9Decenal_afccb6cb66		
441	247Decatrienal_2E4E7Z	6442642	1	0.0	0.0	0.0	0441_247Decatrienal_2E4E7Z_b53ac0873f		
440	3Decanone	13576	1	0.0	0.0	0.0	0440_3Decanone_0493b9b590		
449	5Decenoic_acid_5E	5362593	1	0.0	0.0	0.0	0449_5Decenoic_acid_5E_8273177170		
500	cisDihydrocarvone	443181	1	0.0	0.0	0.0	0500_cisDihydrocarvone_cc60d304e8		
499	2Methyl51methylethenylcyclohexanol	12072	1	0.0	0.0	0.0	0499_2Methyl51methylethenylcyclohexanol_6cad6a14e8		
497	Digeranyl_ether	6441535	1	0.0	0.0	0.0	0497_Digeranyl_ether_2284579922		
496	22Furfurylfuran	70972	1	0.0	0.0	0.0	0496_22Furfurylfuran_9414e0bc47		
495	24Difurfurylfuran	53423642	1	0.0	0.0	0.0	0495_24Difurfurylfuran_fe84909bf3		
494	Difurfuryl_ether	263034	1	0.0	0.0	0.0	0494_Difurfuryl_ether_a9e0f6bbf0		
493	Diethyl_trisulfide	77151	1	0.0	0.0	0.0	0493_Diethyl_trisulfide_2c7bd5383e		
492	25Diethyltetrahydrofuran	62913	1	0.0	0.0	0.0	0492_25Diethyltetrahydrofuran_fa921ef950		
487	23Diethylpyrazine	27458	1	0.0	0.0	0.0	0487_23Diethylpyrazine_2f16394973		
490	Ethyl_sulfide	9609	1	0.0	0.0	0.0	0490_Ethyl_sulfide_5c4137a7fa		
521	Diisobutyl_Adipate	8831	1	0.0	0.0	0.0	0521_Diisobutyl_Adipate_f128b36d57		
520	Diisoamyl_trisulfide	15667721	1	0.0	0.0	0.0	0520_Diisoamyl_trisulfide_0bfe32cc7d		
519	Diisoamyl_disulfide	74915	1	0.0	0.0	0.0	0519_Diisoamyl_disulfide_cca85d22bb		
518	37Dihydroxy4Methoxyflavan	11196546	1	0.0	0.0	0.0	0518_37Dihydroxy4Methoxyflavan_0bba990930		
517	14Dithiane25diol	98330	1	0.0	0.0	0.0	0517_14Dithiane25diol_5014e87922		
515	24Dihydroxybenzoic_Acid	1491	1	73.0	0.0	0.0	0515_24Dihydroxybenzoic_Acid_10fa9f467d	fasstrecords	skipped
514	23Dihydroxyacetophenone	6429110	1	0.0	0.0	0.0	0514_23Dihydroxyacetophenone_882c6bea75		
513	Dihydroxyacetone_dimer	4180364	1	1.0	0.0	0.0	0513_Dihydroxyacetone_dimer_3aef8b0917	fasstrecords	skipped
491	Diethyl_tartrate	6993580	1	0.0	0.0	0.0	0491_Diethyl_tartrate_e096000170		
486	35Diethyl2methylpyrazine	28906	1	0.0	0.0	0.0	0486_35Diethyl2methylpyrazine_08f630f09b		
485	25Diethyl3methylpyrazine	36225	1	0.0	0.0	0.0	0485_25Diethyl3methylpyrazine_eaf28c17c2		
484	23Diethyl5Methylpyrazine	28905	1	1.0	0.0	0.0	0484_23Diethyl5Methylpyrazine_ecfee985e0	fasstrecords	skipped
483	Diethyl_Malonate	7761	1	17.0	0.0	0.0	0483_Diethyl_Malonate_3ec46d9ec2	fasstrecords	skipped
482	Diethyl_malate	24197	1	0.0	0.0	0.0	0482_Diethyl_malate_7b1fc74794		
481	Clobutinol	26937	1	1.0	0.0	0.0	0481_Clobutinol_4d7579b192	fasstrecords	skipped
480	Diethylenetriamine	8111	1	0.0	0.0	0.0	0480_Diethylenetriamine_907c5669df		
479	11Oxydi21ethanediyl_dioctadecanoate	61026	1	0.0	0.0	0.0	0479_11Oxydi21ethanediyl_dioctadecanoate_b6ef86564b		
501	Dihydrocarvyl_acetate	30248	1	0.0	0.0	0.0	0501_Dihydrocarvyl_acetate_2cbc16679b		
477	Diethylethanolamine	7497	1	3.0	0.0	0.0	0477_Diethylethanolamine_8257181278	fasstrecords	skipped
476	Dicyclohexyl_disulfide	17356	1	0.0	0.0	0.0	0476_Dicyclohexyl_disulfide_d5ff2591f8		
475	Dichlorodifluoromethane	6391	1	0.0	0.0	0.0	0475_Dichlorodifluoromethane_6311faf433		
473	44DIBUTYLgammaBUTYROLACTONE	10608036	1	0.0	0.0	0.0	0473_44DIBUTYLgammaBUTYROLACTONE_01b9494362		
472	Dibenzyl_ether	7657	1	0.0	0.0	0.0	0472_Dibenzyl_ether_11c7a4d964		
505	Dihydrogalangal_acetate	14638401	1	0.0	0.0	0.0	0505_Dihydrogalangal_acetate_c18b915e8b		
504	4Butyroxy25dimethyl32Hfuranone	19872333	1	0.0	0.0	0.0	0504_4Butyroxy25dimethyl32Hfuranone_480355567e		
503	67Dihydro23dimethyl5Hcyclopentapyrazine	6428802	1	0.0	0.0	0.0	0503_67Dihydro23dimethyl5Hcyclopentapyrazine_5f445c652f		
502	Dihydrocoumarin	660	1	0.0	0.0	0.0	0502_Dihydrocoumarin_0d99afdbd9		
478	Diethyl_disulfide	8077	1	0.0	0.0	0.0	0478_Diethyl_disulfide_5407030f52		
386	Citronellyl_propionate	8834	1	0.0	0.0	0.0	0386_Citronellyl_propionate_7a93f494ee		
385	Citronellyl_phenylacetate	8767	1	0.0	0.0	0.0	0385_Citronellyl_phenylacetate_40317fee36		
384	Citronellyl_isobutyrate	60985	1	0.0	0.0	0.0	0384_Citronellyl_isobutyrate_ea7699b992		
383	Citronellyl_formate	7778	1	0.0	0.0	0.0	0383_Citronellyl_formate_529de9bc98		
382	Citronellyl_butyrate	8835	1	0.0	0.0	0.0	0382_Citronellyl_butyrate_c7c1127fb8		
381	Citronellyl_anthranilate	109467	1	0.0	0.0	0.0	0381_Citronellyl_anthranilate_30b71b30be		
380	Citronellyl_Acetate	9017	1	120.0	0.0	0.0	0380_Citronellyl_Acetate_d72219cddd	fasstrecords	skipped
379	Citronelloxyacetaldehyde	61401	1	0.0	0.0	0.0	0379_Citronelloxyacetaldehyde_54a85775f1		
426	alphaDamascone	520506	1	0.0	0.0	0.0	0426_alphaDamascone_5d70b1dae5		
376	Geranial_propylene_glycol_acetal	5338463	1	0.0	0.0	0.0	0376_Geranial_propylene_glycol_acetal_9838ade99f		
375	Citral_glyceryl_acetal_E	6437578	1	0.0	0.0	0.0	0375_Citral_glyceryl_acetal_E_fd088f40c8		
374	Citral_dimethyl_acetal	24191	1	0.0	0.0	0.0	0374_Citral_dimethyl_acetal_961e21bf96		
373	Citral_diethyl_acetal	5365794	1	0.0	0.0	0.0	0373_Citral_diethyl_acetal_7bfa89a9f7		
371	5Z5octenoic_acid	5282718	1	0.0	0.0	0.0	0371_5Z5octenoic_acid_b96e2c2b1b		
370	Oleyl_acetate	5363289	1	0.0	0.0	0.0	0370_Oleyl_acetate_f61cab613d		
403	2Cyclohexen1one	13594	1	0.0	0.0	0.0	0403_2Cyclohexen1one_9e258000d9		
402	11Diethoxycyclohexane	74279	1	0.0	0.0	0.0	0402_11Diethoxycyclohexane_fffbd025e2		
377	Citronellal	7794	1	13.0	0.0	0.0	0377_Citronellal_02a5139775	fasstrecords	skipped
356	4Methyl21methylethyl13dioxolane	98461	1	0.0	0.0	0.0	0356_4Methyl21methylethyl13dioxolane_ce5162f3dd		
355	2Isobutyl4methyl13dioxolane	86733	1	0.0	0.0	0.0	0355_2Isobutyl4methyl13dioxolane_02cbc42506		
354	cis_and_trans5Ethyl4methyl22methylpropylthiazoline	131751267	1	0.0	0.0	0.0	0354_cis_and_trans5Ethyl4methyl22methylpropylthiazoline_fd201562ce		
209	Bornyl_butyrate	76966069	1	0.0	0.0	0.0	0209_Bornyl_butyrate_68f3b5fe22		
208	Npc126240	44630108	1	90.0	0.0	0.0	0208_Npc126240_db4daf4981	fasstrecords	skipped
207	Bornyl_acetate	12097317	1	90.0	0.0	0.0	0207_Bornyl_acetate_7b0e8248c3	fasstrecords	skipped
206	1R2S4RBornyl_acetate	443131	1	90.0	0.0	0.0	0206_1R2S4RBornyl_acetate_c682a5da6a	fasstrecords	skipped
205	1S2R4SBornyl_acetate	442460	1	90.0	0.0	0.0	0205_1S2R4SBornyl_acetate_a27ead4dda	fasstrecords	skipped
194	Biphenyl	7095	1	2.0	0.0	0.0	0194_Biphenyl_27dacb226b	fasstrecords	skipped
203	Acetic_acid_177trimethylbicyclo221hept2yl_ester	6448	1	90.0	0.0	0.0	0203_Acetic_acid_177trimethylbicyclo221hept2yl_ester_d72f1fa39d	fasstrecords	skipped
202	Bornyl_acetate_	93009	1	90.0	0.0	0.0	0202_Bornyl_acetate_dd60e6ce6e	fasstrecords	skipped
201	Borneol	64685	1	0.0	0.0	0.0	0201_Borneol_1dd2808bb6		
200	Boric_Acid	7628	1	0.0	0.0	0.0	0200_Boric_Acid_11bae16e20		
199	bis2Methyl3furyl_tetrasulfide	24832089	1	0.0	0.0	0.0	0199_bis2Methyl3furyl_tetrasulfide_23b2d7e5c1		
198	Bis2methylphenyl_disulfide	77652	1	0.0	0.0	0.0	0198_Bis2methylphenyl_disulfide_d05307ebf8		
197	Bis2methyl3furyldisulfide	526624	1	2.0	0.0	0.0	0197_Bis2methyl3furyldisulfide_00ed3a9791	fasstrecords	skipped
196	Bis25dimethyl3furyl_disulfide	642117	1	0.0	0.0	0.0	0196_Bis25dimethyl3furyl_disulfide_9e3071750a		
195	gammaBisabolene	62346	1	0.0	0.0	0.0	0195_gammaBisabolene_51f5cb6fda		
204	Borneol_acetate	6950274	1	90.0	0.0	0.0	0204_Borneol_acetate_770c698536	fasstrecords	skipped
412	Cyclohexyl_propionate	61375	1	0.0	0.0	0.0	0412_Cyclohexyl_propionate_2a8d482bc4		
411	Cyclohexylmethylpyrazine	16204532	1	0.0	0.0	0.0	0411_Cyclohexylmethylpyrazine_9dfb73d1db		
410	Cyclohexyl_isovalerate	287439	1	0.0	0.0	0.0	0410_Cyclohexyl_isovalerate_b7f886e076		
409	Cyclohexyl_formate	20358	1	0.0	0.0	0.0	0409_Cyclohexyl_formate_60ef70d910		
408	Cyclohexyl_cinnamate	5357153	1	0.0	0.0	0.0	0408_Cyclohexyl_cinnamate_886c02b558		
407	Cyclohexyl_butyrate	243783	1	0.0	0.0	0.0	0407_Cyclohexyl_butyrate_683655efab		
406	Cyclohexyl_anthranilate	24510	1	0.0	0.0	0.0	0406_Cyclohexyl_anthranilate_075748518a		
405	Cyclohexylamine	7965	1	3.0	0.0	0.0	0405_Cyclohexylamine_1ab5212917	fasstrecords	skipped
401	Cyclohexanone	7967	1	0.0	0.0	0.0	0401_Cyclohexanone_28ed7f4abc		
437	3Decanol	519158	1	0.0	0.0	0.0	0437_3Decanol_d4e7a974c6		
436	Decanoic_Acid	2969	1	24.0	0.0	0.0	0436_Decanoic_Acid_de76b806fe	fasstrecords	skipped
435	Decanal_propylene_glycol_acetal	95397	1	0.0	0.0	0.0	0435_Decanal_propylene_glycol_acetal_316e21f781		
434	Decanal_dimethyl_acetal	24513	1	0.0	0.0	0.0	0434_Decanal_dimethyl_acetal_b81879155f		
433	Decanal	8175	1	0.0	0.0	0.0	0433_Decanal_344de3e2c0		
431	deltaDecalactone	12810	1	0.0	0.0	0.0	0431_deltaDecalactone_0f46934dde		
429	2E4ZDecadienal	6427087	1	2.0	0.0	0.0	0429_2E4ZDecadienal_91d6ca25fa	fasstrecords	skipped
428	24Decadienal	5283349	1	2.0	0.0	0.0	0428_24Decadienal_f650423e0f	fasstrecords	skipped
427	DeltaDamascone	5365916	1	0.0	0.0	0.0	0427_DeltaDamascone_633be83170		
404	Cyclohexyl_acetate	12146	1	0.0	0.0	0.0	0404_Cyclohexyl_acetate_36571c4a5b		
400	Cyclohexaneethyl_acetate	30771	1	0.0	0.0	0.0	0400_Cyclohexaneethyl_acetate_3064cefb49		
399	Cyclohexanecarboxylic_acid	7413	1	0.0	0.0	0.0	0399_Cyclohexanecarboxylic_acid_8287f11d64		
398	Cyclohexaneacetic_acid	21363	1	0.0	0.0	0.0	0398_Cyclohexaneacetic_acid_c73cb82e06		
397	Cyclohexane	8078	1	0.0	0.0	0.0	0397_Cyclohexane_a21c4f64dc		
396	Civetone	5315941	1	0.0	0.0	0.0	0396_Civetone_73b2d4bf4a		
394	Cuminaldehyde	326	1	0.0	0.0	0.0	0394_Cuminaldehyde_0ce5e36dc1		
393	Cubebol	11276107	1	0.0	0.0	0.0	0393_Cubebol_61728eab68		
392	PCresol	2879	1	2.0	0.0	0.0	0392_PCresol_6f1b3105ba	fasstrecords	skipped
413	Cycloionone	110664	1	0.0	0.0	0.0	0413_Cycloionone_d2e68ceff7		
390	MCresol	342	1	0.0	0.0	0.0	0390_MCresol_dbb37b9fe1		
388	Citronellyl_valerate	61416	1	0.0	0.0	0.0	0388_Citronellyl_valerate_18d4335cd1		
387	Citronellyl_tiglate	6386037	1	0.0	0.0	0.0	0387_Citronellyl_tiglate_29fab04d10		
419	Cyclotene_butyrate	109828	1	0.0	0.0	0.0	0419_Cyclotene_butyrate_c7f4b5e381		
418	NCyclopropylnona26dienamide_2E6Z	11469606	1	0.0	0.0	0.0	0418_NCyclopropylnona26dienamide_2E6Z_15b52e87e2		
417	1R2S5RNCyclopropyl5methyl2propan2ylcyclohexane1carboxamide	118542675	1	0.0	0.0	0.0	0417_1R2S5RNCyclopropyl5methyl2propan2ylcyclohexane1carboxamide_2b8e59b70a		
416	2Cyclopentylcyclopentanone	21003	1	0.0	0.0	0.0	0416_2Cyclopentylcyclopentanone_d204223a6f		
415	Cyclopentanone	8452	1	0.0	0.0	0.0	0415_Cyclopentanone_25ef9bca06		
414	Cyclopentanethiol	15510	1	0.0	0.0	0.0	0414_Cyclopentanethiol_b1628cb06f		
391	OCresol	335	1	0.0	0.0	0.0	0391_OCresol_ca2dabb7ce		
1232	Isopropyl_isobutyrate	12044	1	0.0	0.0	0.0	1232_Isopropyl_isobutyrate_054aa2c426		
1231	Isopropyl_hexanoate	16832	1	0.0	0.0	0.0	1231_Isopropyl_hexanoate_dac2113c30		
160	Benzaldehyde_propylene_glycol_acetal	595928	1	0.0	0.0	0.0	0160_Benzaldehyde_propylene_glycol_acetal_9c176381f0		
159	Benzaldehyde_glyceryl_acetal	5463840	1	0.0	0.0	0.0	0159_Benzaldehyde_glyceryl_acetal_17d683be6a		
158	Benzaldehyde_dimethyl_acetal	62375	1	0.0	0.0	0.0	0158_Benzaldehyde_dimethyl_acetal_c002670e94		
157	Benzaldehyde	240	1	3.0	0.0	0.0	0157_Benzaldehyde_8c15a1ca83	fasstrecords	skipped
156	Azodicarbonamide	5462814	1	0.0	0.0	0.0	0156_Azodicarbonamide_34322b74a2		
151	Ascorbyl_Stearate	54725318	1	0.0	0.0	0.0	0151_Ascorbyl_Stearate_110914bea6		
811	Ethyl_4octenoate_4Z	5352770	1	0.0	0.0	0.0	0811_Ethyl_4octenoate_4Z_50dc87a493		
146	Anisyl_phenylacetate	7599	1	0.0	0.0	0.0	0146_Anisyl_phenylacetate_f63d8f8a12		
1249	Isopulegol	170833	1	10.0	0.0	0.0	1249_Isopulegol_91eb9e4aaf	fasstrecords	skipped
1248	Methyl_diisopropyl_propionamide	65300	1	0.0	0.0	0.0	1248_Methyl_diisopropyl_propionamide_01bc849084		
1247	Isopropyl_tiglate	5367745	1	0.0	0.0	0.0	1247_Isopropyl_tiglate_db00452682		
1268	4Methylquinoline	10285	1	0.0	0.0	0.0	1268_4Methylquinoline_39260a606a		
1267	1Dodecanol	8193	1	0.0	0.0	0.0	1267_1Dodecanol_644dce7ca8		
1264	Dodecanal	8194	1	0.0	0.0	0.0	1264_Dodecanal_d665899c65		
1262	Nlactoyl_ethanolamine_phosphate	11550267	1	0.0	0.0	0.0	1262_Nlactoyl_ethanolamine_phosphate_f468020254		
147	Anisyl_propionate	61417	1	0.0	0.0	0.0	0147_Anisyl_propionate_e60f5a33b5		
1220	Isopropenyl_pyrazine	62897	1	0.0	0.0	0.0	1220_Isopropenyl_pyrazine_ef35f20e35		
1219	3Isopropenylpentanedioic_acid	71586903	1	0.0	0.0	0.0	1219_3Isopropenylpentanedioic_acid_cb20ced1ef		
1218	3Isopropenyl6oxoheptanoic_acid	4488713	1	0.0	0.0	0.0	1218_3Isopropenyl6oxoheptanoic_acid_96a7db9b0e		
1217	Isopropenyl_acetate	7916	1	0.0	0.0	0.0	1217_Isopropenyl_acetate_c81985d667		
1215	Isopentylidene_isopentylamine	118823	1	0.0	0.0	0.0	1215_Isopentylidene_isopentylamine_86b5c1d5bb		
1246	Isopropylpyrazine	34590	1	0.0	0.0	0.0	1246_Isopropylpyrazine_1faa788625		
1245	Isopropyl_propionate	12508	1	0.0	0.0	0.0	1245_Isopropyl_propionate_2c23689e6d		
1244	Cuminyl_acetaldehyde	62654	1	0.0	0.0	0.0	1244_Cuminyl_acetaldehyde_12ab25ab3b		
1233	Isopropyl_Isothiocyanate	75263	1	0.0	0.0	0.0	1233_Isopropyl_Isothiocyanate_5bb0ed795a		
1242	pIsopropylphenylacetaldehyde	61359	1	0.0	0.0	0.0	1242_pIsopropylphenylacetaldehyde_fc8527b6f1		
1241	2Isopropylphenol	6943	1	0.0	0.0	0.0	1241_2Isopropylphenol_88c8ca062d		
1240	Isopropyl_Palmitate	8907	1	0.0	0.0	0.0	1240_Isopropyl_Palmitate_2d00214c4b		
1239	Isopropyl_Myristate	8042	1	0.0	0.0	0.0	1239_Isopropyl_Myristate_b50ec532dc		
1238	2Isopropyl4methylthiazole	61808	1	0.0	0.0	0.0	1238_2Isopropyl4methylthiazole_716317a323		
1237	2Isopropyl5methyl2hexenal	37066	1	0.0	0.0	0.0	1237_2Isopropyl5methyl2hexenal_7dd5be01fb		
1236	Isopropyl_2methylbutyrate	522214	1	0.0	0.0	0.0	1236_Isopropyl_2methylbutyrate_63bc3e456b		
1235	SIsopropyl_3methylthiocrotonate	118658	1	0.0	0.0	0.0	1235_SIsopropyl_3methylthiocrotonate_d8e0ada313		
1234	Isopropyl_isovalerate	61914	1	0.0	0.0	0.0	1234_Isopropyl_isovalerate_6f15aa9ad0		
1243	Isopropyl_Phenylacetate	62553	1	0.0	0.0	0.0	1243_Isopropyl_Phenylacetate_6d3a2d0def		
1280	Linalyl_Acetate	8294	1	38.0	0.0	0.0	1280_Linalyl_Acetate_6f14cfa4e8	fasstrecords	skipped
1279	Linalool_oxide_pyranoid_	26396	1	0.0	0.0	0.0	1279_Linalool_oxide_pyranoid_2fb8de9e05		
1278	Linalool_oxide	22310	1	0.0	0.0	0.0	1278_Linalool_oxide_ed1bd6adbf		
1277	Linalool	6549	1	11.0	0.0	0.0	1277_Linalool_2db8df9806	fasstrecords	skipped
1273	Lignosulfonic_acid	24712	1	0.0	0.0	0.0	1273_Lignosulfonic_acid_3877c1f7ae		
1272	Lignin	175586	1	0.0	0.0	0.0	1272_Lignin_fa79c0f561		
1270	Levulinic_Acid	11579	1	29.0	0.0	0.0	1270_Levulinic_Acid_147b511794	fasstrecords	skipped
1310	Manganese_Sulfate	24580	1	0.0	0.0	0.0	1310_Manganese_Sulfate_7283160152		
1261	N2hydroxyethyllactamide	95457	1	0.0	0.0	0.0	1261_N2hydroxyethyllactamide_e2f096adfe		
1307	2methyl31oxopropoxy4Hpyran4one	110543	1	0.0	0.0	0.0	1307_2methyl31oxopropoxy4Hpyran4one_9d69e5d4f6		
1305	NMethylNallyltryptamine	155907915	1	0.0	0.0	0.0	1305_NMethylNallyltryptamine_6137ec5ed3		
1298	Magnesium_Fumarate	6433510	1	483.0	0.0	0.0	1298_Magnesium_Fumarate_a7dbaf4da6	fasstrecords	skipped
1297	Magnesium_caprylate	19595724	1	12.0	0.0	0.0	1297_Magnesium_caprylate_650a76d642	fasstrecords	skipped
1296	Magnesium_decanoate	62001	1	24.0	0.0	0.0	1296_Magnesium_decanoate_de76b806fe	fasstrecords	skipped
1294	Limonene_oxide_	10953718	1	0.0	0.0	0.0	1294_Limonene_oxide_cca3fbb2c8		
1293	lMenthyl_butyrate	11009673	1	0.0	0.0	0.0	1293_lMenthyl_butyrate_75c3043a81		
1292	Lipase_triacylglycerol	135534490	1	0.0	0.0	0.0	1292_Lipase_triacylglycerol_d5a0a07e9f		
1291	Linalyl_propionate	61098	1	0.0	0.0	0.0	1291_Linalyl_propionate_fa85792b3b		
1309	Maltyl_isobutyrate	3354132	1	0.0	0.0	0.0	1309_Maltyl_isobutyrate_5db9514fe2		
1258	2Oxobutanoic_Acid	58	1	8.0	0.0	0.0	1258_2Oxobutanoic_Acid_3316fa1f24	fasstrecords	skipped
1257	4Mercapto2butanone	61936	1	0.0	0.0	0.0	1257_4Mercapto2butanone_b5562220eb		
1256	Astemizole	2247	1	38.0	0.0	0.0	1256_Astemizole_ff2eba9112	fasstrecords	skipped
1255	Isovaleric_Acid	10430	1	3.0	0.0	0.0	1255_Isovaleric_Acid_24d0545863	fasstrecords	skipped
1254	4Hydroxymethyl22methylpropyl13dioxolane	71587178	1	0.0	0.0	0.0	1254_4Hydroxymethyl22methylpropyl13dioxolane_cf21ef7fa4		
1253	Isovaleraldehyde_diethyl_acetal	19695	1	0.0	0.0	0.0	1253_Isovaleraldehyde_diethyl_acetal_764abc1eb3		
1252	Isoquinoline	8405	1	0.0	0.0	0.0	1252_Isoquinoline_928b59c2a2		
1251	Isopulegyl_acetate	94579	1	0.0	0.0	0.0	1251_Isopulegyl_acetate_595e80dd07		
1281	Linalyl_anthranilate	23535	1	0.0	0.0	0.0	1281_Linalyl_anthranilate_cc3de63ea0		
161	Benzene	241	1	0.0	0.0	0.0	0161_Benzene_13cad05ca8		
1289	Linalyl_octanoate	61435	1	0.0	0.0	0.0	1289_Linalyl_octanoate_4f2b8e0ca6		
1288	Linalyl_isovalerate	240119	1	0.0	0.0	0.0	1288_Linalyl_isovalerate_85578f17f3		
1287	Linalyl_isobutyrate	6532	1	0.0	0.0	0.0	1287_Linalyl_isobutyrate_6471a9bff3		
1286	Linalyl_hexanoate	564550	1	0.0	0.0	0.0	1286_Linalyl_hexanoate_0afff87745		
1285	Linalool_formate	61040	1	0.0	0.0	0.0	1285_Linalool_formate_fa1febe12d		
1284	Linalyl_cinnamate	5355858	1	0.0	0.0	0.0	1284_Linalyl_cinnamate_c5ec0299d4		
1283	Linalyl_butyrate	62321	1	0.0	0.0	0.0	1283_Linalyl_butyrate_a6a51d7ff7		
1282	Linalyl_benzoate	31353	1	0.0	0.0	0.0	1282_Linalyl_benzoate_7a0628c99b		
1250	Isopulegone	10534862	1	0.0	0.0	0.0	1250_Isopulegone_ffd03849cd		
1182	Isobutyl_butyrate	10885	1	0.0	0.0	0.0	1182_Isobutyl_butyrate_4c915d050f		
1181	Isobutyl_2butenoate	5365793	1	0.0	0.0	0.0	1181_Isobutyl_2butenoate_0cf2c35724		
1180	Isobutyl_Benzoate	61048	1	0.0	0.0	0.0	1180_Isobutyl_Benzoate_0af4deef56		
1179	Isobutyl_anthranilate	24515	1	0.0	0.0	0.0	1179_Isobutyl_anthranilate_ff8abf3feb		
1178	Isobutyl_angelate	5367807	1	0.0	0.0	0.0	1178_Isobutyl_angelate_436fb3c17b		
1177	Isobutylamine	6558	1	0.0	0.0	0.0	1177_Isobutylamine_623468d724		
1176	Isobutanol	6560	1	0.0	0.0	0.0	1176_Isobutanol_ad2e64dffe		
1175	Isobutyl_acetoacetate	522677	1	0.0	0.0	0.0	1175_Isobutyl_acetoacetate_b3f5b374ba		
1221	Isopropyl_Acetate	7915	1	0.0	0.0	0.0	1221_Isopropyl_Acetate_f086e9ab41		
1172	Isobornyl_propionate	23617864	1	0.0	0.0	0.0	1172_Isobornyl_propionate_a746041b71		
1171	Isobornyl_2methylbutyrate	22082179	1	0.0	0.0	0.0	1171_Isobornyl_2methylbutyrate_27d65d829c		
1170	Isobornyl_isovalerate	76957121	1	0.0	0.0	0.0	1170_Isobornyl_isovalerate_9fb64628e7		
1169	Isobornyl_isobutyrate	174490	1	0.0	0.0	0.0	1169_Isobornyl_isobutyrate_5b2f302d00		
1168	Isobornyl_acetate	637531	1	90.0	0.0	0.0	1168_Isobornyl_acetate_60aeffc27f	fasstrecords	skipped
1167	Isoborneol	6321405	1	0.0	0.0	0.0	1167_Isoborneol_7885d0a691		
1166	Isoamyl_salicylate	6874	1	0.0	0.0	0.0	1166_Isoamyl_salicylate_6ec78aa696		
1198	2Isobutylthiazole	62725	1	0.0	0.0	0.0	1198_2Isobutylthiazole_526edb2902		
1173	Isobutane	6360	1	0.0	0.0	0.0	1173_Isobutane_a4989e0f47		
1136	betaIonol_E	5373729	1	0.0	0.0	0.0	1136_betaIonol_E_0aabbc9092		
1135	alphaIONOL	5363817	1	0.0	0.0	0.0	1135_alphaIONOL_96a808ef8e		
1134	alphaIonene	68057	1	0.0	0.0	0.0	1134_alphaIonene_2a9dcdc8b8		
1165	Isoamyl_pyruvate	537682	1	0.0	0.0	0.0	1165_Isoamyl_pyruvate_6e42cffe31		
1164	Isoamyl_propionate	7772	1	0.0	0.0	0.0	1164_Isoamyl_propionate_bfec0ed58e		
1163	Isoamyl_phenylacetate	7600	1	0.0	0.0	0.0	1163_Isoamyl_phenylacetate_0492439137		
1162	Isoamyl_phenethyl_ether	91978	1	0.0	0.0	0.0	1162_Isoamyl_phenethyl_ether_78d93caec8		
1161	3Methylbutyl_octanoate	16255	1	0.0	0.0	0.0	1161_3Methylbutyl_octanoate_488612cd4b		
1150	Isoamyl_formate	8052	1	0.0	0.0	0.0	1150_Isoamyl_formate_7fee40fb72		
1159	Isoamyl_2methylbutyrate	520326	1	0.0	0.0	0.0	1159_Isoamyl_2methylbutyrate_8af88439f7		
1158	Isoamyl_levulinate	522404	1	2.0	0.0	0.0	1158_Isoamyl_levulinate_75853bc7f5	fasstrecords	skipped
1157	Isoamyl_Laurate	61386	1	0.0	0.0	0.0	1157_Isoamyl_Laurate_04868534c3		
1156	Isoamyl_isovalerate	12613	1	5.0	0.0	0.0	1156_Isoamyl_isovalerate_b841b7fda6	fasstrecords	skipped
1155	Isoamyl_isothiocyanate	79086	1	0.0	0.0	0.0	1155_Isoamyl_isothiocyanate_8bbed284dd		
1154	Isoamyl_isobutyrate	519786	1	0.0	0.0	0.0	1154_Isoamyl_isobutyrate_9fe6bc22f6		
1153	Isoamyl_hexanoate	16617	1	0.0	0.0	0.0	1153_Isoamyl_hexanoate_31196761c0		
1152	Isoamyl_32furanpropionate	538506	1	0.0	0.0	0.0	1152_Isoamyl_32furanpropionate_ce3b06a3c7		
1151	Isoamyl_42furanbutyrate	68968644	1	0.0	0.0	0.0	1151_Isoamyl_42furanbutyrate_2272dabf9b		
1160	Isoamyl_nonanoate	522676	1	0.0	0.0	0.0	1160_Isoamyl_nonanoate_2b52ba3750		
1208	Isoeugenyl_methyl_ether	1549045	1	0.0	0.0	0.0	1208_Isoeugenyl_methyl_ether_41abf0cc8a		
1207	Isoeugenyl_formate	20831812	1	0.0	0.0	0.0	1207_Isoeugenyl_formate_53727eb62b		
1206	1Ethoxy2methoxy41E1propen1ylbenzene	5382490	1	0.0	0.0	0.0	1206_1Ethoxy2methoxy41E1propen1ylbenzene_8166b0123f		
1205	1Benzyloxy2methoxy4prop1en1ylbenzene	764139	1	0.0	0.0	0.0	1205_1Benzyloxy2methoxy4prop1en1ylbenzene_d67d8a0419		
1204	Isoeugenyl_acetate	876160	1	50.0	0.0	0.0	1204_Isoeugenyl_acetate_4d1b0de065	fasstrecords	skipped
1202	Isocyclocitral	16204527	1	0.0	0.0	0.0	1202_Isocyclocitral_97e9d1ffe6		
1201	Isobutyric_Acid	6590	1	153.0	0.0	0.0	1201_Isobutyric_Acid_92a25739ae	fasstrecords	skipped
1200	Isobutyraldehyde	6561	1	0.0	0.0	0.0	1200_Isobutyraldehyde_2d110dfb36		
1197	Isobutyl_salicylate	6873	1	0.0	0.0	0.0	1197_Isobutyl_salicylate_dbec028171		
1230	Isopropyl_formate	12257	1	0.0	0.0	0.0	1230_Isopropyl_formate_59ced1f444		
1229	5isopropyl26diethyl2methyltetrahydro2Hpyran	45274957	1	0.0	0.0	0.0	1229_5isopropyl26diethyl2methyltetrahydro2Hpyran_e98c10bee2		
1228	Isopropyl_Cinnamate	5273464	1	0.0	0.0	0.0	1228_Isopropyl_Cinnamate_1a3b843228		
1227	Isopropyl_butyrate	61184	1	0.0	0.0	0.0	1227_Isopropyl_butyrate_deb0a53f63		
1226	Cuminol	325	1	3.0	0.0	0.0	1226_Cuminol_a3a7614d95	fasstrecords	skipped
1225	Isopropyl_Benzoate	13654	1	0.0	0.0	0.0	1225_Isopropyl_Benzoate_a2cf247e5b		
1224	Isopropylamine	6363	1	0.0	0.0	0.0	1224_Isopropylamine_d48d956abb		
1223	Isopropanol	3776	1	0.0	0.0	0.0	1223_Isopropanol_dbb1ac6e5d		
1222	4Isopropylacetophenone	12578	1	0.0	0.0	0.0	1222_4Isopropylacetophenone_6b60412c73		
1199	Isobutyl_10undecenoate	79457	1	0.0	0.0	0.0	1199_Isobutyl_10undecenoate_02f40df8de		
1196	Isobutyl_propionate	10895	1	0.0	0.0	0.0	1196_Isobutyl_propionate_c136615fbc		
1195	Isobutyl_phenylacetate	60998	1	0.0	0.0	0.0	1195_Isobutyl_phenylacetate_a413e6a426		
1194	2Isobutyl3methyl_pyrazine	26333	1	0.0	0.0	0.0	1194_2Isobutyl3methyl_pyrazine_a53185482b		
1193	Isobutyl_Nmethylanthranilate	522171	1	0.0	0.0	0.0	1193_Isobutyl_Nmethylanthranilate_0bd29f808d		
1192	2Isobutyl3methoxypyrazine	32594	1	0.0	0.0	0.0	1192_2Isobutyl3methoxypyrazine_7a722f29fd		
1191	Isobutyl_isothiocyanate	68960	1	0.0	0.0	0.0	1191_Isobutyl_isothiocyanate_8bc6d2e60d		
1190	Isobutyl_isobutyrate	7351	1	0.0	0.0	0.0	1190_Isobutyl_isobutyrate_53b33481e3		
1189	Isobutyl_hexanoate	7775	1	3.0	0.0	0.0	1189_Isobutyl_hexanoate_cedd7bcc39	fasstrecords	skipped
1209	Isoeugenyl_alphatoluate	6114390	1	0.0	0.0	0.0	1209_Isoeugenyl_alphatoluate_fad511ef4c		
1187	Isobutyl2furanpropionate	7733	1	0.0	0.0	0.0	1187_Isobutyl2furanpropionate_1d07e8a06e		
1186	Isobutyl_formate	10957	1	0.0	0.0	0.0	1186_Isobutyl_formate_b62c2e2779		
1185	2Isobutyl45dimethyloxazole	574068	1	0.0	0.0	0.0	1185_2Isobutyl45dimethyloxazole_e5e909ad80		
1183	Isobutyl_Cinnamate	778574	1	0.0	0.0	0.0	1183_Isobutyl_Cinnamate_6e18b03623		
1214	Isoamylamine	7894	1	0.0	0.0	0.0	1214_Isoamylamine_2e19b2f58a		
1213	alphaIsomethylionyl_acetate	6437467	1	0.0	0.0	0.0	1213_alphaIsomethylionyl_acetate_e20e6344f9		
1212	betaISOMETHYLIONONE	5372195	1	0.0	0.0	0.0	1212_betaISOMETHYLIONONE_f0f2f80f7d		
1211	3Methyl4266trimethyl2cyclohexen1yl3buten2one	5372174	1	0.0	0.0	0.0	1211_3Methyl4266trimethyl2cyclohexen1yl3buten2one_b6fe2421c1		
1210	Isojasmone	61531	1	0.0	0.0	0.0	1210_Isojasmone_f5395ee248		
1188	Isobutyl_heptanoate	24516	1	0.0	0.0	0.0	1188_Isobutyl_heptanoate_457432218c		
82	1Phenylethyl_Acetate	62341	1	0.0	0.0	0.0	0082_1Phenylethyl_Acetate_40fd215c8a		
81	2Methylbenzoxazole	7225	1	0.0	0.0	0.0	0081_2Methylbenzoxazole_5a29fec676		
80	Smethyl_thiobenzoate	80024	1	0.0	0.0	0.0	0080_Smethyl_thiobenzoate_b13fd9fec6		
79	2Methylbenzofuran	20263	1	0.0	0.0	0.0	0079_2Methylbenzofuran_62414cedab		
78	Methyl_Benzoate	7150	1	5.0	0.0	0.0	0078_Methyl_Benzoate_7af636d52d	fasstrecords	skipped
77	4Methylbenzaldehyde_propyleneglycol_acetal	94001	1	0.0	0.0	0.0	0077_4Methylbenzaldehyde_propyleneglycol_acetal_036dddcc1a		
75	4Methylanisole	7731	1	0.0	0.0	0.0	0075_4Methylanisole_f279afbd34		
74	2Methylanisole	33637	1	0.0	0.0	0.0	0074_2Methylanisole_3ee8e37181		
1290	Linalyl_phenylacetate	251529	1	0.0	0.0	0.0	1290_Linalyl_phenylacetate_da9d4a1e19		
72	5266Trimethyl2cyclohexen1yl4penten3one	61071	1	0.0	0.0	0.0	0072_5266Trimethyl2cyclohexen1yl4penten3one_ec07dcb01a		
103	Isoprenyl_acetate	78879	1	0.0	0.0	0.0	0103_Isoprenyl_acetate_59a9125abf		
102	Methyl_isopropenyl_ketone	13143	1	0.0	0.0	0.0	0102_Methyl_isopropenyl_ketone_edfad4ae76		
101	3Methyl2buten1OL	11173	1	0.0	0.0	0.0	0101_3Methyl2buten1OL_72f7fb25e1		
100	2Methyl3buten2ol	8257	1	0.0	0.0	0.0	0100_2Methyl3buten2ol_8c7409b93c		
99	2Methylbut2en1ol_2Z	5366266	1	0.0	0.0	0.0	0099_2Methylbut2en1ol_2Z_664fa3d904		
98	2Methylbut2en1ol	20799	1	0.0	0.0	0.0	0098_2Methylbut2en1ol_24f9ef7a00		
97	2Methyl2buten1OL	6433417	1	0.0	0.0	0.0	0097_2Methyl2buten1OL_d54db72d30		
73	Methyl_anisate	8499	1	2.0	0.0	0.0	0073_Methyl_anisate_20b1f3d018	fasstrecords	skipped
70	Methylalphaionone	16751505	1	0.0	0.0	0.0	0070_Methylalphaionone_af78f656b5		
69	2Methylallyl_butyrate	251530	1	0.0	0.0	0.0	0069_2Methylallyl_butyrate_dfe9915212		
68	Methanol	887	1	0.0	0.0	0.0	0068_Methanol_fc8842c641		
67	2Methyl32furylacrolein	6210220	1	0.0	0.0	0.0	0067_2Methyl32furylacrolein_a62e1ed8c2		
66	2Acetyl1methylpyrrole	61240	1	0.0	0.0	0.0	0066_2Acetyl1methylpyrrole_18d199e399		
65	Methyl_nacetylanthranilate	17623	1	0.0	0.0	0.0	0065_Methyl_nacetylanthranilate_9ec5a97449		
64	Methyl_3acetoxyoctanoate	529300	1	0.0	0.0	0.0	0064_Methyl_3acetoxyoctanoate_d79cc78a84		
63	Methyl_3acetoxy2methylbutyrate	53436911	1	0.0	0.0	0.0	0063_Methyl_3acetoxy2methylbutyrate_bc0cd70a07		
83	4Methylbenzyl_alcohol	11505	1	0.0	0.0	0.0	0083_4Methylbenzyl_alcohol_4296b3ea87		
61	pMETHYLACETOPHENONE	8500	1	0.0	0.0	0.0	0061_pMETHYLACETOPHENONE_3634243250		
60	2Methylacetophenone	11340	1	0.0	0.0	0.0	0060_2Methylacetophenone_e7992991f4		
59	Methyl_Acetate	6584	1	0.0	0.0	0.0	0059_Methyl_Acetate_9543426308		
58	4Vinylguaiacol	332	1	4.0	0.0	0.0	0058_4Vinylguaiacol_19930746ce	fasstrecords	skipped
57	6Methoxyquinoline	14860	1	1.0	0.0	0.0	0057_6Methoxyquinoline_23b156b3e2	fasstrecords	skipped
56	2Methoxypyridine	74201	1	0.0	0.0	0.0	0056_2Methoxypyridine_5549c1195f		
87	1Phenylethyl_propionate	8432	1	0.0	0.0	0.0	0087_1Phenylethyl_propionate_9c2b622191		
86	alphaMethylbenzyl_formate	346286	1	0.0	0.0	0.0	0086_alphaMethylbenzyl_formate_4d67e47903		
85	Benzyl_methyl_disulfide	12779	1	0.0	0.0	0.0	0085_Benzyl_methyl_disulfide_84dce995df		
62	Methyl_1acetoxycyclohexyl_ketone	62017	1	0.0	0.0	0.0	0062_Methyl_1acetoxycyclohexyl_ketone_9e8653ee77		
106	2Methylbutyl_isovalerate	62445	1	0.0	0.0	0.0	0106_2Methylbutyl_isovalerate_cb55ab1c82		
105	2Methylbutylamine	7283	1	0.0	0.0	0.0	0105_2Methylbutylamine_7300bfe99f		
104	2Methylbutyl_Acetate	12209	1	0.0	0.0	0.0	0104_2Methylbutyl_Acetate_d620ba0283		
135	5Methyl67dihydro5Hcyclopentylpyrazine	32065	1	0.0	0.0	0.0	0135_5Methyl67dihydro5Hcyclopentylpyrazine_809d10d2a0		
134	Methyldeltaionone	5463913	1	0.0	0.0	0.0	0134_Methyldeltaionone_ef56a26ee7		
133	Methyl_2decenoate	5368064	1	0.0	0.0	0.0	0133_Methyl_2decenoate_45460423d1		
132	3Methylgammadecalactone	106756	1	0.0	0.0	0.0	0132_3Methylgammadecalactone_8c7904690c		
131	Dihydrojasmone_lactone	285097	1	0.0	0.0	0.0	0131_Dihydrojasmone_lactone_f818b04131		
96	Tiglic_acid	125468	1	3.0	0.0	0.0	0096_Tiglic_acid_de44bafc9d	fasstrecords	skipped
129	2Hydroxy3methyl2cyclopenten1one	6660	1	0.0	0.0	0.0	0129_2Hydroxy3methyl2cyclopenten1one_3f6ab03db7		
128	Muskone	10947	1	0.0	0.0	0.0	0128_Muskone_a57ebac9c6		
127	23456PentafluoroN2methylcyclohexylbenzamide	57579236	1	0.0	0.0	0.0	0127_23456PentafluoroN2methylcyclohexylbenzamide_e6027811eb		
126	3Methyl2cyclohexen1one	14511	1	0.0	0.0	0.0	0126_3Methyl2cyclohexen1one_7aa2262c61		
125	4Methylcyclohexanone	11525	1	0.0	0.0	0.0	0125_4Methylcyclohexanone_b769374e55		
124	3Methylcyclohexanone	11567	1	0.0	0.0	0.0	0124_3Methylcyclohexanone_fee768cc3f		
123	2Methylcyclohexanone	11419	1	0.0	0.0	0.0	0123_2Methylcyclohexanone_ab646cb8a1		
122	Methyl_cyclohexanecarboxylate	20748	1	0.0	0.0	0.0	0122_Methyl_cyclohexanecarboxylate_e7883d26e0		
121	1Methyl23cyclohexadione	3321360	1	0.0	0.0	0.0	0121_1Methyl23cyclohexadione_fd720ae355		
130	3Methyl2cyclopenten1one	17691	1	0.0	0.0	0.0	0130_3Methyl2cyclopenten1one_de09b53ec6		
95	3Methyl2butenal	61020	1	0.0	0.0	0.0	0095_3Methyl2butenal_5da894edce		
94	2Methyl2butenal	10336	1	0.0	0.0	0.0	0094_2Methyl2butenal_b5684d6ea1		
93	3Methyl2butanol	11732	1	0.0	0.0	0.0	0093_3Methyl2butanol_7e6414755b		
92	2Methyl1butanol	8723	1	0.0	0.0	0.0	0092_2Methyl1butanol_61d3f36629		
91	3Methyl2butanethiol	519823	1	0.0	0.0	0.0	0091_3Methyl2butanethiol_7b0270c9ba		
90	Isoamyl_mercaptan	10925	1	0.0	0.0	0.0	0090_Isoamyl_mercaptan_c9bd2b9cf8		
1	Acetal	7765	1	0.0	0.0	0.0	0001_Acetal_15ffdbfbcd		
88	4Methylbiphenyl	12566	1	0.0	0.0	0.0	0088_4Methylbiphenyl_da82b0828f		
107	2Methylbutyl_3methyl2butenoate	113425	1	2.0	0.0	0.0	0107_2Methylbutyl_3methyl2butenoate_d2d4316b43	fasstrecords	skipped
118	3Methyl2butenoic_acid	10931	1	0.0	0.0	0.0	0118_3Methyl2butenoic_acid_252b3ca65c		
116	4Methyl2pentene_2Z	5326159	1	0.0	0.0	0.0	0116_4Methyl2pentene_2Z_3b9440ea36		
114	pMethylcinnamaldehyde	5371802	1	0.0	0.0	0.0	0114_pMethylcinnamaldehyde_61c487c4cd		
113	alphaMETHYLCINNAMALDEHYDE	5372813	1	0.0	0.0	0.0	0113_alphaMETHYLCINNAMALDEHYDE_f62df1dce4		
112	2Methylbutanoic_Acid	8314	1	0.0	0.0	0.0	0112_2Methylbutanoic_Acid_f0ed37ede5		
111	Methyl_butyrate	12180	1	0.0	0.0	0.0	0111_Methyl_butyrate_feba10fee7		
110	3Methylbutanal	11552	1	0.0	0.0	0.0	0110_3Methylbutanal_1f127c33a1		
109	2Methylbutanal	7284	1	0.0	0.0	0.0	0109_2Methylbutanal_c688391a85		
108	2Methylbutyl_2methylbutyrate	17129	1	3.0	0.0	0.0	0108_2Methylbutyl_2methylbutyrate_009b0c5ea4	fasstrecords	skipped
119	2Methyl13cyclohexadiene	73885	1	0.0	0.0	0.0	0119_2Methyl13cyclohexadiene_6ec6cf1270		
1	Carbonic_acid_2hydroxypropyl_1R2S5R5methyl21methylethylcyclohexyl_ester	57509244	1	0.0	0.0	0.0	0001_Carbonic_acid_2hydroxypropyl_1R2S5R5methyl21methylethylcyclohexyl_ester_a2efbdfdad		
1336	1Menthyl_methyl_ether	102648	1	0.0	0.0	0.0	1336_1Menthyl_methyl_ether_aa68e5dedc		
1335	lMenthyl_Dlactate	2724573	1	0.0	0.0	0.0	1335_lMenthyl_Dlactate_29acac0b7e		
1334	Menthyl_isovalerate_	119900	1	1.0	0.0	0.0	1334_Menthyl_isovalerate_46782c6d34	fasstrecords	skipped
1333	Menthyl_3hydroxybutyrate_	10220444	1	0.0	0.0	0.0	1333_Menthyl_3hydroxybutyrate_f271fc1e8d		
1332	Menthyl_formate	102772	1	0.0	0.0	0.0	1332_Menthyl_formate_b030ba425c		
1331	Carbonic_acid_2hydroxyethyl_5methyl21methylethylcyclohexyl_ester	9837728	1	0.0	0.0	0.0	1331_Carbonic_acid_2hydroxyethyl_5methyl21methylethylcyclohexyl_ester_75d35cdf94		
1330	lMenthyl_acetoacetate	43045	1	0.0	0.0	0.0	1330_lMenthyl_acetoacetate_e00b4eb9f4		
71	Methylionone	5371084	1	0.0	0.0	0.0	0071_Methylionone_5b5fb693ae		
1328	3LMenthyloxypropane12diol	6850757	1	0.0	0.0	0.0	1328_3LMenthyloxypropane12diol_b31f874c26		
1327	3lMenthoxy2methylpropane12diol	9834711	1	0.0	0.0	0.0	1327_3lMenthoxy2methylpropane12diol_e786ddb124		
21	3Mercapto2methylpentan1ol	6430888	1	0.0	0.0	0.0	0021_3Mercapto2methylpentan1ol_60383e213a		
20	2Mercapto2methylpentan1ol	11240503	1	0.0	0.0	0.0	0020_2Mercapto2methylpentan1ol_643299227d		
19	3Mercapto2methylpentanal	527435	1	0.0	0.0	0.0	0019_3Mercapto2methylpentanal_0fd2c946c2		
18	4Mercapto4methyl2hexanone	11263567	1	0.0	0.0	0.0	0018_4Mercapto4methyl2hexanone_70dafaa5bc		
17	3Mercapto3methylbutyl_isovalerate	53425775	1	0.0	0.0	0.0	0017_3Mercapto3methylbutyl_isovalerate_aab7e57e79		
16	3Mercapto3methylbutyl_formate	526487	1	0.0	0.0	0.0	0016_3Mercapto3methylbutyl_formate_c701b40d89		
1329	Menthyl_acetate	27867	1	1.0	0.0	0.0	1329_Menthyl_acetate_d1a7400c19	fasstrecords	skipped
1326	2lMenthoxyethanol	10219851	1	0.0	0.0	0.0	1326_2lMenthoxyethanol_c259ffb6ec		
1325	Menthone_12glycerol_ketal_	162184;9964606	2	0.0	0.0	0.0	1325_Menthone_12glycerol_ketal_ea49b63bd8		
1324	Menthone	26447	1	12.0	0.0	0.0	1324_Menthone_12b3c3e726	fasstrecords	skipped
1322	1pMenthen9yl_acetate	527144	1	0.0	0.0	0.0	1322_1pMenthen9yl_acetate_ccd6ef363f		
1321	pMenth3en1ol	11468	1	0.0	0.0	0.0	1321_pMenth3en1ol_97970375a6		
1320	pMenth1en3ol	10282	1	0.0	0.0	0.0	1320_pMenth1en3ol_53b3ae4ea6		
1319	1pMENTHENE8THIOL	6427135	1	0.0	0.0	0.0	1319_1pMENTHENE8THIOL_68ecf642f7		
1318	8PMenthene12diol_	441246	1	0.0	0.0	0.0	1318_8PMenthene12diol_89463449e1		
2	Thioguaiacol	23642	1	0.0	0.0	0.0	0002_Thioguaiacol_48f41f9006		
1316	pMentha8thiol3one	61982	1	0.0	0.0	0.0	1316_pMentha8thiol3one_fd1fe44f00		
1315	Cyclohexanone_2methyl51methylethyl	10362	1	0.0	0.0	0.0	1315_Cyclohexanone_2methyl51methylethyl_88d532aba8		
1314	Perillyl_Alcohol	10819	1	0.0	0.0	0.0	1314_Perillyl_Alcohol_7eef7e5f1c		
1313	Menthadienol	527143	1	0.0	0.0	0.0	1313_Menthadienol_c1ba956ea4		
1312	Menadiol_Sodium_Diphosphate	197855	1	0.0	0.0	0.0	1312_Menadiol_Sodium_Diphosphate_9011205d2c		
1311	Manganous_oxide	14940	1	0.0	0.0	0.0	1311_Manganous_oxide_8aea119448		
5	2Mercaptoethanol	1567	1	3.0	0.0	0.0	0005_2Mercaptoethanol_fefc9ff486	fasstrecords	skipped
4	3Mercapto2butanone	38679	1	0.0	0.0	0.0	0004_3Mercapto2butanone_2a502512e0		
3	2Mercapto3butanol	62087	1	0.0	0.0	0.0	0003_2Mercapto3butanol_a468b2e591		
1317	1pMenthen9al	520440	1	0.0	0.0	0.0	1317_1pMenthen9al_8667cb55f3		
26	2Mercaptopinane	90984	1	0.0	0.0	0.0	0026_2Mercaptopinane_78cc408ba7		
25	4Mercapto2pentanone	527393	1	0.0	0.0	0.0	0025_4Mercapto2pentanone_1ec34ada3e		
24	3Mercapto2pentanone	62237	1	0.0	0.0	0.0	0024_3Mercapto2pentanone_a016b79062		
23	2Mercaptomethyl_pyrazine	62145	1	0.0	0.0	0.0	0023_2Mercaptomethyl_pyrazine_250b5305ee		
22	4Mercapto4methyl2Pentanone	88290	1	2.0	0.0	0.0	0022_4Mercapto4methyl2Pentanone_e03642a18d	fasstrecords	skipped
55	2Methoxypyrazine	18467	1	0.0	0.0	0.0	0055_2Methoxypyrazine_f45b2b8507		
54	4Propylguaiacol	17739	1	0.0	0.0	0.0	0054_4Propylguaiacol_405b9a587d		
53	1pMethoxyphenyl2propanone	31231	1	0.0	0.0	0.0	0053_1pMethoxyphenyl2propanone_89d9a45568		
15	3Mercapto3methylbutyl_acetate	6420388	1	0.0	0.0	0.0	0015_3Mercapto3methylbutyl_acetate_633c48ec12		
50	Anisylacetone	61007	1	0.0	0.0	0.0	0050_Anisylacetone_dbbf1a3baa		
49	2Methoxy31methylpropylpyrazine	520098	1	0.0	0.0	0.0	0049_2Methoxy31methylpropylpyrazine_dc3fb2b189		
48	2Methoxy4Methylphenol	7144	1	0.0	0.0	0.0	0048_2Methoxy4Methylphenol_43d47f3557		
47	4Methoxy2methyl2butanethiol	526195	1	0.0	0.0	0.0	0047_4Methoxy2methyl2butanethiol_4a6e1c4eee		
46	N12Methoxy4methylbenzylN22pyridin2ylethyloxalamide	11221120	1	0.0	0.0	0.0	0046_N12Methoxy4methylbenzylN22pyridin2ylethyloxalamide_06325068d2		
45	N12Methoxy4methylbenzyln225methylpyridin2ylethyloxalamide	11210019	1	0.0	0.0	0.0	0045_N12Methoxy4methylbenzyln225methylpyridin2ylethyloxalamide_3751ec877f		
44	2Methoxy3_or_5_or_6isopropylpyrazine	13256887	1	0.0	0.0	0.0	0044_2Methoxy3_or_5_or_6isopropylpyrazine_091314441b		
43	1Methoxy3heptanethiol_3S	12009861	1	0.0	0.0	0.0	0043_1Methoxy3heptanethiol_3S_62b70b3f44		
42	1Methoxydecene	6365701	1	0.0	0.0	0.0	0042_1Methoxydecene_0528dd0673		
51	14Methoxyphenyl4methyl1penten3one	5373780	1	0.0	0.0	0.0	0051_14Methoxyphenyl4methyl1penten3one_5143d01f60		
14	4Mercapto3methyl2butanol	13353282	1	0.0	0.0	0.0	0014_4Mercapto3methyl2butanol_41908ed36d		
13	3Mercapto3methyl1butanol	520682	1	0.0	0.0	0.0	0013_3Mercapto3methyl1butanol_f9122f6965		
12	3Mercapto2methyl1butanol	6430892	1	0.0	0.0	0.0	0012_3Mercapto2methyl1butanol_219f9d2d92		
11	3Mercaptohexyl_hexanoate	536987	1	0.0	0.0	0.0	0011_3Mercaptohexyl_hexanoate_81682448e6		
10	3Mercaptohexyl_butyrate	537754	1	0.0	0.0	0.0	0010_3Mercaptohexyl_butyrate_7de1ce2064		
9	3Sulfanylhexyl_acetate	518810	1	0.0	0.0	0.0	0009_3Sulfanylhexyl_acetate_11d7ecca4e		
8	3Mercaptohexanol	521348	1	0.0	0.0	0.0	0008_3Mercaptohexanol_419079375a		
7	3Mercaptohexanal	527445	1	0.0	0.0	0.0	0007_3Mercaptohexanal_2a5a5cd1d7		
27	1Mercapto2propanone	520144	1	0.0	0.0	0.0	0027_1Mercapto2propanone_a9d1b0c1c6		
39	2Methoxybenzoic_acid	11370	1	4.0	0.0	0.0	0039_2Methoxybenzoic_acid_83e15f8863	fasstrecords	skipped
37	2Methoxybenzaldehyde	8658	1	0.0	0.0	0.0	0037_2Methoxybenzaldehyde_e698379eb2		
36	pMETHOXYalphaMETHYLCINNAMALDEHYDE	228993	1	0.0	0.0	0.0	0036_pMETHOXYalphaMETHYLCINNAMALDEHYDE_6fcbbe47ba		
35	2Methoxy1phenylethanone	77698	1	0.0	0.0	0.0	0035_2Methoxy1phenylethanone_e3f5881ae0		
34	LMethionylglycine	6992930	1	0.0	0.0	0.0	0034_LMethionylglycine_d0daa80268		
33	Methionyl_butyrate	85520	1	0.0	0.0	0.0	0033_Methionyl_butyrate_9ff825d689		
30	Methional_diethyl_acetal	85521	1	0.0	0.0	0.0	0030_Methional_diethyl_acetal_dfe3f63716		
29	3Mercaptopropionic_Acid	6514	1	0.0	0.0	0.0	0029_3Mercaptopropionic_Acid_62e064d033		
28	2Mercaptopropionic_acid	62326	1	8.0	0.0	0.0	0028_2Mercaptopropionic_acid_41631fd550	fasstrecords	skipped
6	3Mercaptoheptyl_acetate	6430879	1	0.0	0.0	0.0	0006_3Mercaptoheptyl_acetate_3ad7bc58e5		
176	Dibenzyl_Disulfide	9012	1	0.0	0.0	0.0	0176_Dibenzyl_Disulfide_0ad132fba3		
175	Benzyl_23dimethylcrotonate	61402	1	0.0	0.0	0.0	0175_Benzyl_23dimethylcrotonate_a6f3874fa7		
174	Benzyl_Cinnamate	5273469	1	5.0	0.0	0.0	0174_Benzyl_Cinnamate_24637718bf	fasstrecords	skipped
173	Benzyl_butyrate	7650	1	0.0	0.0	0.0	0173_Benzyl_butyrate_6287d4051d		
172	Benzyl_butyl_ether	61134	1	0.0	0.0	0.0	0172_Benzyl_butyl_ether_34a9e1893b		
171	Benzyl_Benzoate	2345	1	0.0	0.0	0.0	0171_Benzyl_Benzoate_10ed63108d		
170	Benzyl_Alcohol	244	1	3.0	0.0	0.0	0170_Benzyl_Alcohol_3f5d5a7979	fasstrecords	skipped
169	Benzyl_acetoacetate	142266	1	0.0	0.0	0.0	0169_Benzyl_acetoacetate_03cc1662d0		
1137	AlphaIonone	5282108	1	0.0	0.0	0.0	1137_AlphaIonone_4fb53c5a6b		
167	Benzoyl_Peroxide	7187	1	0.0	0.0	0.0	0167_Benzoyl_Peroxide_6a6e4dd4b6		
166	2Benzoylaminobenzoic_acid	68482	1	0.0	0.0	0.0	0166_2Benzoylaminobenzoic_acid_85e39eebca		
165	Benzothiazole	7222	1	37.0	0.0	0.0	0165_Benzothiazole_5a0630b242	fasstrecords	skipped
164	Benzoin	8400	1	6.0	0.0	0.0	0164_Benzoin_2effe39ff5	fasstrecords	skipped
163	2Benzofurancarboxaldehyde	61341	1	0.0	0.0	0.0	0163_2Benzofurancarboxaldehyde_4f32b8c743		
162	Thiophenol	7969	1	1.0	0.0	0.0	0162_Thiophenol_5bee75dfc4	fasstrecords	skipped
948	24Heptadien1ol_2E4E	5367391	1	0.0	0.0	0.0	0948_24Heptadien1ol_2E4E_b121a01fb4		
947	24Heptadienal	5283321	1	0.0	0.0	0.0	0947_24Heptadienal_c52aa2752a		
168	Benzyl_acetate	8785	1	6.0	0.0	0.0	0168_Benzyl_acetate_10ce1c6816	fasstrecords	skipped
896	Furfurylideneacetone	212930	1	0.0	0.0	0.0	0896_Furfurylideneacetone_cb1da11d1a		
895	42Furyl2butanone	12780	1	0.0	0.0	0.0	0895_42Furyl2butanone_a2d468f2ee		
929	Oleic_acid_ester_with_lactic_acid_monoester_with_glycerol	6435858	1	0.0	0.0	0.0	0929_Oleic_acid_ester_with_lactic_acid_monoester_with_glycerol_0dd5146960		
928	23Dihydroxypropyl_5hydroxydodecanoate	175553	1	0.0	0.0	0.0	0928_23Dihydroxypropyl_5hydroxydodecanoate_4206d2456b		
927	23Dihydroxypropyl_5hydroxydecanoate	5463954	1	0.0	0.0	0.0	0927_23Dihydroxypropyl_5hydroxydecanoate_d1542043e8		
926	Glyceryl_Tribehenate	62726	1	0.0	0.0	0.0	0926_Glyceryl_Tribehenate_70d1ce9ce1		
925	Tributyrin	6050	1	12.0	0.0	0.0	0925_Tributyrin_7b62149526	fasstrecords	skipped
924	Glycerol	753	1	0.0	0.0	0.0	0924_Glycerol_37e33538e0		
177	Benzyl_ethyl_ether	10873	1	0.0	0.0	0.0	0177_Benzyl_ethyl_ether_62b4f6476e		
922	Gammaglutamylvalylglycine	25099093	1	0.0	0.0	0.0	0922_Gammaglutamylvalylglycine_07c356dc73		
920	23456PentaOacetylDglucose	92972	1	0.0	0.0	0.0	0920_23456PentaOacetylDglucose_3bfe61aa0c		
918	Isomerase_glucose	1151718	1	0.0	0.0	0.0	0918_Isomerase_glucose_aeedebfa95		
917	NGluconyl_ethanolamine_phosphate	71587802	1	0.0	0.0	0.0	0917_NGluconyl_ethanolamine_phosphate_b018b396a6		
916	NGluconyl_ethanolamine	53778435	1	0.0	0.0	0.0	0916_NGluconyl_ethanolamine_a7c23d1b9c		
914	Geranyl_valerate	5365850	1	0.0	0.0	0.0	0914_Geranyl_valerate_11db4cdb9d		
913	Geranyl_tiglate	5367785	1	0.0	0.0	0.0	0913_Geranyl_tiglate_6c6f0f99f3		
912	Geranyl_propionate	5355853	1	0.0	0.0	0.0	0912_Geranyl_propionate_5c76545285		
911	Geranyl_phenylacetate	5366044	1	0.0	0.0	0.0	0911_Geranyl_phenylacetate_eb75e7182d		
923	Glutaraldehyde	3485	1	1.0	0.0	0.0	0923_Glutaraldehyde_9a865e8670	fasstrecords	skipped
957	2Heptanol	10976	1	0.0	0.0	0.0	0957_2Heptanol_2c52c344fd		
956	Heptanoic_Acid	8094	1	3.0	0.0	0.0	0956_Heptanoic_Acid_8f2d1ee68a	fasstrecords	skipped
955	2Heptanethiol	522071	1	0.0	0.0	0.0	0955_2Heptanethiol_b93f8b1d58		
954	1Heptanethiol	15422	1	0.0	0.0	0.0	0954_1Heptanethiol_e7d95830af		
953	23Heptanedione	60983	1	0.0	0.0	0.0	0953_23Heptanedione_383a59eecb		
952	Heptanal_propyleneglycol_acetal	20357	1	0.0	0.0	0.0	0952_Heptanal_propyleneglycol_acetal_6ce13cc081		
951	11Dimethoxyheptane	61453	1	0.0	0.0	0.0	0951_11Dimethoxyheptane_c9a321c8df		
950	Heptanal	8130	1	2.0	0.0	0.0	0950_Heptanal_ce58e95e78	fasstrecords	skipped
946	Guaiyl_acetate	240122	1	0.0	0.0	0.0	0946_Guaiyl_acetate_47f119cc20		
979	2Heptylfuran	19603	1	0.0	0.0	0.0	0979_2Heptylfuran_78aef79a48		
978	Heptyl_Formate	8169	1	0.0	0.0	0.0	0978_Heptyl_Formate_b1db07e05b		
977	3Heptyldihydro5methyl23Hfuranone	61990	1	0.0	0.0	0.0	0977_3Heptyldihydro5methyl23Hfuranone_aa0934f68e		
976	Heptyl_Cinnamate	6435839	1	0.0	0.0	0.0	0976_Heptyl_Cinnamate_b2b3f1268c		
975	2Heptyl_butyrate	529496	1	0.0	0.0	0.0	0975_2Heptyl_butyrate_e1250c115e		
974	Heptyl_butyrate	62592	1	0.0	0.0	0.0	0974_Heptyl_butyrate_af531569f4		
973	Heptanol	8129	1	0.0	0.0	0.0	0973_Heptanol_ca8f78da4d		
972	3Heptanyl_acetate	537615	1	0.0	0.0	0.0	0972_3Heptanyl_acetate_f76c183eec		
971	Heptyl_acetate	8159	1	1.0	0.0	0.0	0971_Heptyl_acetate_d239c03806	fasstrecords	skipped
981	Heptyl_isobutyrate	61304	1	0.0	0.0	0.0	0981_Heptyl_isobutyrate_fa1a07ce9f		
944	2Methoxyphenyl_benzeneacetate	61331	1	0.0	0.0	0.0	0944_2Methoxyphenyl_benzeneacetate_45867c906e		
943	Guaiacol_isobutyrate	836904	1	0.0	0.0	0.0	0943_Guaiacol_isobutyrate_05dda8d7f2		
942	Guaiacyl_acetate	61155	1	0.0	0.0	0.0	0942_Guaiacyl_acetate_19c5159249		
941	Guaiacol_propionate	348502	1	0.0	0.0	0.0	0941_Guaiacol_propionate_6d8abdebdc		
940	Guaiacol_butyrate	77756	1	0.0	0.0	0.0	0940_Guaiacol_butyrate_1b70530f4c		
939	Guaiacol	460	1	1.0	0.0	0.0	0939_Guaiacol_f3096c440b	fasstrecords	skipped
938	Calcium_Carbonate	10112	1	0.0	0.0	0.0	0938_Calcium_Carbonate_ec36fd9b85		
937	Glycine	750	1	24.0	0.0	0.0	0937_Glycine_30fe3809ef	fasstrecords	skipped
958	3Heptanol	11520	1	0.0	0.0	0.0	0958_3Heptanol_93d8fa1aa0		
935	Tripropionin	8763	1	0.0	0.0	0.0	0935_Tripropionin_587bcf4815		
934	Glyceryl_tribenzoate	61156	1	0.0	0.0	0.0	0934_Glyceryl_tribenzoate_aafed1d776		
930	Glyceryl_lactopalmitate	665493	1	0.0	0.0	0.0	0930_Glyceryl_lactopalmitate_66c4adf2c4		
964	4Heptenal_diethyl_acetal_4Z	5369371	1	0.0	0.0	0.0	0964_4Heptenal_diethyl_acetal_4Z_7dc8f11f6b		
963	2Heptenal	5283316	1	0.0	0.0	0.0	0963_2Heptenal_8b72afb261		
962	N1Propylbutyl13benzodioxole5carboxamide	22831877	1	0.0	0.0	0.0	0962_N1Propylbutyl13benzodioxole5carboxamide_2f067652cc		
961	4Heptanone	31246	1	0.0	0.0	0.0	0961_4Heptanone_d849ed8868		
960	3Heptanone	7802	1	0.0	0.0	0.0	0960_3Heptanone_85053a707c		
959	2Heptanone	8051	1	0.0	0.0	0.0	0959_2Heptanone_97dac650b8		
936	Tristearin	11146	1	0.0	0.0	0.0	0936_Tristearin_0f080153a4		
856	Tartrazine	164825	1	0.0	0.0	0.0	0856_Tartrazine_752ed52e54		
855	E129	33258	1	0.0	0.0	0.0	0855_E129_b24115ae56		
854	Fdc_red_no_3	166534	1	6.0	0.0	0.0	0854_Fdc_red_no_3_5d7f8d989c	fasstrecords	skipped
853	Indigo_carmine	2723854	1	5.0	0.0	0.0	0853_Indigo_carmine_db45603440	fasstrecords	skipped
852	Brillant_blue	123671	1	0.0	0.0	0.0	0852_Brillant_blue_4b36e7e53d		
851	FDC_Blue_No_1	19700	1	0.0	0.0	0.0	0851_FDC_Blue_No_1_4b36e7e53d		
849	Farnesene	5281516	1	0.0	0.0	0.0	0849_Farnesene_e0dc5db705		
848	Farnesal	68150	1	2.0	0.0	0.0	0848_Farnesal_74ae20ffc7	fasstrecords	skipped
897	2Acetylfuran	14505	1	0.0	0.0	0.0	0897_2Acetylfuran_8d1418f26c		
846	Eugenyl_formate	24835	1	0.0	0.0	0.0	0846_Eugenyl_formate_0ba8403456		
845	Eugenyl_benzoate	62362	1	1.0	0.0	0.0	0845_Eugenyl_benzoate_3f95d3c55d	fasstrecords	skipped
844	Eugenyl_Acetate	7136	1	0.0	0.0	0.0	0844_Eugenyl_Acetate_b8790cd1cd		
878	Furfuryl_isopropyl_sulfide	61282	1	0.0	0.0	0.0	0878_Furfuryl_isopropyl_sulfide_c39cf0bbfd		
877	2Furfurylidenebutyraldehyde	6435826	1	0.0	0.0	0.0	0877_2Furfurylidenebutyraldehyde_083cb6b5c0		
876	Furfuryl_formate	556916	1	0.0	0.0	0.0	0876_Furfuryl_formate_9efeb8fcfe		
875	Furfuryl_decanoate	71587144	1	0.0	0.0	0.0	0875_Furfuryl_decanoate_abf4fa9ea7		
874	Furfuryl_butyrate	61167	1	0.0	0.0	0.0	0874_Furfuryl_butyrate_1c1ff4360e		
847	Eugenol_isovalerate	3085213	1	0.0	0.0	0.0	0847_Eugenol_isovalerate_f108b9fde8		
810	Ethyl_oct3enoate	161528	1	0.0	0.0	0.0	0810_Ethyl_oct3enoate_6e25d4fb01		
842	18Cineole	2758	1	6.0	0.0	0.0	0842_18Cineole_110f15223a	fasstrecords	skipped
841	Ethyl_vanillin_propylene_glycol_acetal	109457	1	0.0	0.0	0.0	0841_Ethyl_vanillin_propylene_glycol_acetal_d59f613ccf		
840	Ethyl_vanillin_isobutyrate	673160	1	0.0	0.0	0.0	0840_Ethyl_vanillin_isobutyrate_30f4189cd0		
839	Ethyl_vanillin_glucoside	11163251	1	0.0	0.0	0.0	0839_Ethyl_vanillin_glucoside_e9e9a329f0		
838	Ethylvanillin	8467	1	189.0	0.0	0.0	0838_Ethylvanillin_cca7e3ccf2	fasstrecords	skipped
837	Ethyl_valerate	10882	1	0.0	0.0	0.0	0837_Ethyl_valerate_d4facb761d		
836	Ethyl_10undecenoate	12729	1	0.0	0.0	0.0	0836_Ethyl_10undecenoate_7d69e44188		
858	Fast_Green_FCF	16887	1	0.0	0.0	0.0	0858_Fast_Green_FCF_c3abb8addc		
834	2Ethyl133trimethylbicyclo221heptan2ol	106997	1	0.0	0.0	0.0	0834_2Ethyl133trimethylbicyclo221heptan2ol_83fe142380		
833	Ethyl_2methyl2pentenoate_2E	6436311	1	0.0	0.0	0.0	0833_Ethyl_2methyl2pentenoate_2E_09d8033230		
832	Ethyl_tiglate	5281163	1	0.0	0.0	0.0	0832_Ethyl_tiglate_bab4426bf6		
831	2Ethylbenzenethiol	3734338	1	0.0	0.0	0.0	0831_2Ethylbenzenethiol_c03117a6d7		
830	Ethyl_sorbate	1550470	1	0.0	0.0	0.0	0830_Ethyl_sorbate_dff6894145		
829	Ethyl_Salicylate	8365	1	0.0	0.0	0.0	0829_Ethyl_Salicylate_5cf7e80d73		
828	Ethyl_pyruvate	12041	1	0.0	0.0	0.0	0828_Ethyl_pyruvate_f442566f2a		
827	1Ethyl2pyrrolecarboxaldehyde	579338	1	0.0	0.0	0.0	0827_1Ethyl2pyrrolecarboxaldehyde_a065222dc0		
859	Fenchone	82229;1201521	2	0.0	0.0	0.0	0859_Fenchone_2ef37052a3		
835	Ethyl_undecanoate	12327	1	0.0	0.0	0.0	0835_Ethyl_undecanoate_1630435538		
884	Furfuryl_octanoate	61985	1	0.0	0.0	0.0	0884_Furfuryl_octanoate_69f33941a8		
883	Furfuryl_methyl_sulfide	518937	1	0.0	0.0	0.0	0883_Furfuryl_methyl_sulfide_32fa957708		
882	Furfuryl_2methyl3furyl_disulfide	526616	1	0.0	0.0	0.0	0882_Furfuryl_2methyl3furyl_disulfide_be3653ab9c		
881	Furfuryl_methyl_ether	61661	1	0.0	0.0	0.0	0881_Furfuryl_methyl_ether_aca6eb3277		
880	Furfuryl_isovalerate	61658	1	4.0	0.0	0.0	0880_Furfuryl_isovalerate_0b2c2d1001	fasstrecords	skipped
879	2Furanmethanethiol	7363	1	0.0	0.0	0.0	0879_2Furanmethanethiol_8d0bfcb126		
910	Geranyl_2methylbutyrate	6437648	1	0.0	0.0	0.0	0910_Geranyl_2methylbutyrate_9a111e4de6		
909	Geranyl_isovalerate	5362830	1	0.0	0.0	0.0	0909_Geranyl_isovalerate_e9189ca9e6		
873	Furfuryl_Alcohol	7361	1	0.0	0.0	0.0	0873_Furfuryl_Alcohol_4917920d5a		
907	Geranyl_hexanoate	5365992	1	0.0	0.0	0.0	0907_Geranyl_hexanoate_4701241e17		
906	Geranyl_formate	5282109	1	0.0	0.0	0.0	0906_Geranyl_formate_3e5f196b29		
905	Geranyl_butyrate	5355856	1	0.0	0.0	0.0	0905_Geranyl_butyrate_d7271ace1f		
904	Geranyl_benzoate	5353011	1	0.0	0.0	0.0	0904_Geranyl_benzoate_9b7e763360		
903	Geranylacetone	1549778	1	47.0	0.0	0.0	0903_Geranylacetone_f5f81c60b3	fasstrecords	skipped
902	Geranyl_acetoacetate	5956805	1	0.0	0.0	0.0	0902_Geranyl_acetoacetate_d2b3de663b		
901	Geranyl_Acetate	1549026	1	85.0	0.0	0.0	0901_Geranyl_Acetate_7bb6d3a246	fasstrecords	skipped
899	Geranic_acid	5275520	1	13.0	0.0	0.0	0899_Geranic_acid_f1f4dfeadf	fasstrecords	skipped
898	Furfuryl_methyl_ketone	228583	1	0.0	0.0	0.0	0898_Furfuryl_methyl_ketone_43ea13934b		
908	Geranyl_isobutyrate	6086514	1	0.0	0.0	0.0	0908_Geranyl_isobutyrate_9c2dfdf3f2		
872	Furfural_acetate	12170	1	0.0	0.0	0.0	0872_Furfural_acetate_de7f42a51f		
871	Furfural_propyleneglycol_acetal	96461	1	0.0	0.0	0.0	0871_Furfural_propyleneglycol_acetal_368fc3168b		
870	Furfural	7362	1	4.0	0.0	0.0	0870_Furfural_4a5b4eb27d	fasstrecords	skipped
869	Furfuryl_mercaptan_formate	62144	1	0.0	0.0	0.0	0869_Furfuryl_mercaptan_formate_b9be297c8c		
868	4Formyl2methoxyphenyl_2hydroxypropanoate	71587874	1	0.0	0.0	0.0	0868_4Formyl2methoxyphenyl_2hydroxypropanoate_27de302907		
865	Formaldehyde	712	1	0.0	0.0	0.0	0865_Formaldehyde_b8bb80bb41		
863	Ficin	129630591	1	0.0	0.0	0.0	0863_Ficin_4f98cfdc92		
862	2Hydroxypropanoic_acidiron	3609400	1	26.0	0.0	0.0	0862_2Hydroxypropanoic_acidiron_524d12ecf0	fasstrecords	skipped
885	Furfuryl_pentanoate	61955	1	2.0	0.0	0.0	0885_Furfuryl_pentanoate_f0dc9cbf73	fasstrecords	skipped
894	13Butanedione_12furanyl	12168	1	0.0	0.0	0.0	0894_13Butanedione_12furanyl_b2cc6cced0		
893	32Furylacrolein	12174	1	0.0	0.0	0.0	0893_32Furylacrolein_6cb1856ca8		
892	S25Dimethyl3furanyl_2furancarbothioate	62106	1	0.0	0.0	0.0	0892_S25Dimethyl3furanyl_2furancarbothioate_446872f52c		
891	Furfuryl_thiopropionate	62143	1	0.0	0.0	0.0	0891_Furfuryl_thiopropionate_634277a436		
890	12Furfurylthiopropanone	226249	1	0.0	0.0	0.0	0890_12Furfurylthiopropanone_6ee2189226		
889	Furfuryl_thioacetate	61660	1	0.0	0.0	0.0	0889_Furfuryl_thioacetate_f3f5dca994		
888	1Furfurylpyrrole	15037	1	15.0	0.0	0.0	0888_1Furfurylpyrrole_8faca83841	fasstrecords	skipped
887	Propyl_furfuryl_disulfide	15743318	1	0.0	0.0	0.0	0887_Propyl_furfuryl_disulfide_c231639661		
886	Furfuryl_propionate	61166	1	0.0	0.0	0.0	0886_Furfuryl_propionate_eb4e6550f5		
860	Fenchol	15406	1	9.0	0.0	0.0	0860_Fenchol_a74b6d4934	fasstrecords	skipped
1099	5HYDROXY2DODECENOIC_ACID_deltaLACTONE	61834	1	0.0	0.0	0.0	1099_5HYDROXY2DODECENOIC_ACID_deltaLACTONE_1877aba23a		
1098	cis6Dodecen4olide	5352428	1	0.0	0.0	0.0	1098_cis6Dodecen4olide_39b0cfb111		
1097	6Hydroxy37dimethyloctanoic_acid_lactone	62349	1	0.0	0.0	0.0	1097_6Hydroxy37dimethyloctanoic_acid_lactone_fb019a9c1d		
1096	Furaneol	19309	1	10.0	0.0	0.0	1096_Furaneol_6909d8912d	fasstrecords	skipped
1094	6Hydroxydihydrotheaspirane	65428	1	0.0	0.0	0.0	1094_6Hydroxydihydrotheaspirane_d4a4b96811		
1093	Jasmine_lactone	5352626	1	0.0	0.0	0.0	1093_Jasmine_lactone_80d3e88a0c		
1092	Massoia_Lactone	642793	1	0.0	0.0	0.0	1092_Massoia_Lactone_b7c0f8ab34		
1090	2Hydroxy2cyclohexen1one	61502	1	0.0	0.0	0.0	1090_2Hydroxy2cyclohexen1one_a7361c2c27		
970	3Heptenyl_2methyl_propanoate_3E	6437137	1	0.0	0.0	0.0	0970_3Heptenyl_2methyl_propanoate_3E_5e83fb86ad		
1088	Hydroxycitronellal_propyleneglycol_acetal	2839751	1	0.0	0.0	0.0	1088_Hydroxycitronellal_propyleneglycol_acetal_8ecc7de1cd		
1087	Hydroxycitronellal_dimethyl_acetal	8863	1	0.0	0.0	0.0	1087_Hydroxycitronellal_dimethyl_acetal_5e27413f28		
1086	Hydroxycitronellal_diethyl_acetal	5463911	1	0.0	0.0	0.0	1086_Hydroxycitronellal_diethyl_acetal_f408a20dd7		
1085	Hydroxycitronellal	7888	1	0.0	0.0	0.0	1085_Hydroxycitronellal_ec8137cfb8		
1084	6Hydroxycarvone	380816	1	0.0	0.0	0.0	1084_6Hydroxycarvone_59b9aa889b		
1082	1Hydroxy2butanone	521300	1	0.0	0.0	0.0	1082_1Hydroxy2butanone_c07e44a680		
1117	4HYDROXY4METHYL5HEXENOIC_ACID_gamma_LACTONE	102550	1	0.0	0.0	0.0	1117_4HYDROXY4METHYL5HEXENOIC_ACID_gamma_LACTONE_91df9126e2		
1116	3Hydroxy5methylhexan2one	11815386	1	0.0	0.0	0.0	1116_3Hydroxy5methylhexan2one_550b884a17		
1089	37Dimethyl17octanediol	249494	1	0.0	0.0	0.0	1089_37Dimethyl17octanediol_e2e6ec3838		
1052	Hexyl_2furoate	61984	1	0.0	0.0	0.0	1052_Hexyl_2furoate_edb8a90e34		
1051	Hexyl_Formate	61177	1	0.0	0.0	0.0	1051_Hexyl_Formate_0f4a14c571		
1050	2Hexyl45dimethyl13dioxolane	94886	1	0.0	0.0	0.0	1050_2Hexyl45dimethyl13dioxolane_aa5132725d		
1049	Hexyl_decanoate	82635	1	0.0	0.0	0.0	1049_Hexyl_decanoate_badf63f64a		
1048	alphaHexylcinnamaldehyde	1550884	1	0.0	0.0	0.0	1048_alphaHexylcinnamaldehyde_a965d40f1e		
1047	Hexyl_butyrate	17525	1	4.0	0.0	0.0	1047_Hexyl_butyrate_9caf053bf8	fasstrecords	skipped
1081	GammaButyrolactone	7302	1	0.0	0.0	0.0	1081_GammaButyrolactone_b2a02ad4ea		
1080	4Hydroxybenzyl_Alcohol	125	1	0.0	0.0	0.0	1080_4Hydroxybenzyl_Alcohol_24a7ab3ce7		
1063	Hexyl_nonanoate	81045	1	0.0	0.0	0.0	1063_Hexyl_nonanoate_54e6d823b4		
1074	Hydroxyacetone	8299	1	0.0	0.0	0.0	1074_Hydroxyacetone_e6cd298121		
1073	4Ethoxyphenol	12150	1	0.0	0.0	0.0	1073_4Ethoxyphenol_b6a3ba93c5		
1072	Hydrogen_Sulfide	402	1	0.0	0.0	0.0	1072_Hydrogen_Sulfide_8de0b3c47f		
1071	Hydrazine	9321	1	0.0	0.0	0.0	1071_Hydrazine_15c841dff8		
1070	2Phenylpropanal_propylene_glycol_acetal	236687	1	0.0	0.0	0.0	1070_2Phenylpropanal_propylene_glycol_acetal_022b14dc40		
1067	2Hexylthiophene	87793	1	0.0	0.0	0.0	1067_2Hexylthiophene_558df74af4		
1066	Hexyl_propionate	88454	1	0.0	0.0	0.0	1066_Hexyl_propionate_d8aa7f6e13		
1065	Hexyl_phenylacetate	221691	1	0.0	0.0	0.0	1065_Hexyl_phenylacetate_40a9b24976		
1064	Hexyl_Octanoate	14228	1	0.0	0.0	0.0	1064_Hexyl_Octanoate_bf700d8859		
1075	2Hydroxyacetophenone	8375	1	0.0	0.0	0.0	1075_2Hydroxyacetophenone_d29de9b299		
1123	Hydroxypyruvic_acid	964	1	0.0	0.0	0.0	1123_Hydroxypyruvic_acid_d243900128		
1122	Butyroin	219794	1	0.0	0.0	0.0	1122_Butyroin_cd6b9c0b44		
1121	3Hydroxy2octanone	6428543	1	0.0	0.0	0.0	1121_3Hydroxy2octanone_c0d9765c7c		
1120	13Hydroxy5methyl2thienylethanone	14837639	1	0.0	0.0	0.0	1120_13Hydroxy5methyl2thienylethanone_d3c90c8158		
1119	3Hydroxymethyl2octanone	62148	1	0.0	0.0	0.0	1119_3Hydroxymethyl2octanone_cd979060cc		
1118	5Butyl4methyldihydro23Hfuranone	62900	1	0.0	0.0	0.0	1118_5Butyl4methyldihydro23Hfuranone_a4bc9bcce3		
1149	Isoamyl_Cinnamate	5273467	1	0.0	0.0	0.0	1149_Isoamyl_Cinnamate_631b10caae		
1148	Isoamyl_butyrate	7795	1	0.0	0.0	0.0	1148_Isoamyl_butyrate_655513076e		
1115	2Hydroxy5methylhexan3one	10920542	1	0.0	0.0	0.0	1115_2Hydroxy5methylhexan3one_f87eab22cb		
1146	Isoamyl_Alcohol	31260	1	0.0	0.0	0.0	1146_Isoamyl_Alcohol_bc06d113b4		
1145	Isoamyl_acetoacetate	61296	1	0.0	0.0	0.0	1145_Isoamyl_acetoacetate_5836283a93		
1144	Isoamyl_Acetate	31276	1	0.0	0.0	0.0	1144_Isoamyl_Acetate_f88f7d9fa3		
1143	Isoambrettolide_Z	5355293	1	0.0	0.0	0.0	1143_Isoambrettolide_Z_1e5984f571		
1142	alphaIrone	5371002	1	0.0	0.0	0.0	1142_alphaIrone_6a16023f57		
1141	betaIonyl_acetate	90720	1	0.0	0.0	0.0	1141_betaIonyl_acetate_a896f52888		
1140	gammaIONONE	5363741	1	0.0	0.0	0.0	1140_gammaIONONE_b823baa4f7		
1139	betaIonone_epoxide	5352481	1	0.0	0.0	0.0	1139_betaIonone_epoxide_5e9892fcf5		
1138	I2Ionone	638014	1	0.0	0.0	0.0	1138_I2Ionone_1f69a63560		
1147	Isoamyl_benzoate	7193	1	0.0	0.0	0.0	1147_Isoamyl_benzoate_d44ec1b16d		
1114	56Dimethyltetrahydropyran2one	544628	1	0.0	0.0	0.0	1114_56Dimethyltetrahydropyran2one_1be6346d8a		
1113	3Hydroxymethyl2heptanone	5362561	1	0.0	0.0	0.0	1113_3Hydroxymethyl2heptanone_22ed6e193d		
1112	4Hydroxy5methyl32Hfuranone	4564493	1	0.0	0.0	0.0	1112_4Hydroxy5methyl32Hfuranone_e4a360e07f		
1109	Bicyclo311hept2ene2methanol_66dimethyl_formate	76956199	1	0.0	0.0	0.0	1109_Bicyclo311hept2ene2methanol_66dimethyl_formate_2d26ea9891		
1108	2Hydroxy4methylbenzaldehyde	61200	1	0.0	0.0	0.0	1108_2Hydroxy4methylbenzaldehyde_768422d95d		
1107	2Hydroxy5methylacetophenone	15068	1	0.0	0.0	0.0	1107_2Hydroxy5methylacetophenone_7c2803a5b2		
1106	12Hydroxy4methoxyphenyl32pyridinyl1propanone	49869549	1	0.0	0.0	0.0	1106_12Hydroxy4methoxyphenyl32pyridinyl1propanone_3af0fa76f3		
1105	Paradol	94378	1	0.0	0.0	0.0	1105_Paradol_b62ac2ebff		
1124	3Hydroxy2pentanone	62484	1	0.0	0.0	0.0	1124_3Hydroxy2pentanone_7ba2a7a85f		
1101	4Hydroxy43hydroxy1butenyl355trimethyl2cyclohexen1one	5280654	1	7.0	0.0	0.0	1101_4Hydroxy43hydroxy1butenyl355trimethyl2cyclohexen1one_158af07ef6	fasstrecords	skipped
1100	Etidronic_Acid	3305	1	0.0	0.0	0.0	1100_Etidronic_Acid_f533e08745		
1133	Indole	798	1	40.0	0.0	0.0	1133_Indole_e65f5bb7d6	fasstrecords	skipped
1132	5Hydroxy8undecenoic_acid_deltalactone_8Z	20846226	1	0.0	0.0	0.0	1132_5Hydroxy8undecenoic_acid_deltalactone_8Z_76f32e7560		
1131	deltaUNDECALACTONE	61204	1	0.0	0.0	0.0	1131_deltaUNDECALACTONE_443e214c8e		
1130	2Hydroxy355trimethyl2cyclohexenone	551084	1	0.0	0.0	0.0	1130_2Hydroxy355trimethyl2cyclohexenone_1b139b2a82		
1128	12Hydroxyphenyl34pyridinyl1propanone	44204990	1	0.0	0.0	0.0	1128_12Hydroxyphenyl34pyridinyl1propanone_333bfd3043		
1127	Coumane	71586811	1	0.0	0.0	0.0	1127_Coumane_f96a93ac48		
1125	3Hydroxy4phenylbutan2one	6428929	1	0.0	0.0	0.0	1125_3Hydroxy4phenylbutan2one_cdd4c29d22		
1103	12Hydroxy42methylpropoxyphenyl32pyridinyl1propanone	49869550	1	0.0	0.0	0.0	1103_12Hydroxy42methylpropoxyphenyl32pyridinyl1propanone_479e39c929		
982	Heptyl_octanoate	61342	1	0.0	0.0	0.0	0982_Heptyl_octanoate_873ff7389a		
1014	4Hexen3one	5365811	1	0.0	0.0	0.0	1014_4Hexen3one_34cf738446		
1013	2Hexenal_diethyl_acetal_2E	5365137	1	0.0	0.0	0.0	1013_2Hexenal_diethyl_acetal_2E_cdea85f9ad		
1012	trans4Hexenal	5283308	1	0.0	0.0	0.0	1012_trans4Hexenal_836ee4647e		
1011	4Hexenal_4Z	11094547	1	0.0	0.0	0.0	1011_4Hexenal_4Z_d3f761d35e		
1010	Z3Hexenal	643941	1	0.0	0.0	0.0	1010_Z3Hexenal_42fcda6a37		
1009	3Hexenal	643139	1	0.0	0.0	0.0	1009_3Hexenal_e3cd97b9fc		
1008	trans2Hexenal	5281168	1	1.0	0.0	0.0	1008_trans2Hexenal_c3c7532c52	fasstrecords	skipped
1053	Hexyl_heptanoate	517970	1	0.0	0.0	0.0	1053_Hexyl_heptanoate_d45e5324db		
1006	3Hexanol	12178	1	0.0	0.0	0.0	1006_3Hexanol_1a0068be2d		
1004	1Hexanethiol	8106	1	0.0	0.0	0.0	1004_1Hexanethiol_ce3bf859a0		
1003	16Hexanedithiol	14491	1	0.0	0.0	0.0	1003_16Hexanedithiol_8c173c6634		
1002	34Hexanedione	62539	1	0.0	0.0	0.0	1002_34Hexanedione_d1b6e2f607		
1001	23Hexanedione	19707	1	0.0	0.0	0.0	1001_23Hexanedione_ceff35958b		
1000	Hexane	8058	1	0.0	0.0	0.0	1000_Hexane_ea844d76d3		
999	Hexanal_octane13diol_acetal	526993	1	0.0	0.0	0.0	0999_Hexanal_octane13diol_acetal_733aa76a93		
1030	2Hexenyl_isovalerate_2E	5352460	1	0.0	0.0	0.0	1030_2Hexenyl_isovalerate_2E_cb53b35f72		
1029	5Hexenyl_isothiocyanate	184852	1	0.0	0.0	0.0	1029_5Hexenyl_isothiocyanate_a5c1aa800b		
1007	3Hexanone	11509	1	0.0	0.0	0.0	1007_3Hexanone_b9b654edfe		
969	2Heptenyl_acetate_2E	5363203	1	0.0	0.0	0.0	0969_2Heptenyl_acetate_2E_8301505d8f		
968	3Hepten2one	5364578	1	0.0	0.0	0.0	0968_3Hepten2one_471f94df0d		
967	2Hepten4one	5463238	1	0.0	0.0	0.0	0967_2Hepten4one_604c22069e		
966	4Hepten1ol_4Z	5367536	1	0.0	0.0	0.0	0966_4Hepten1ol_4Z_09858647a1		
965	2Heptenoic_acid	5282709	1	0.0	0.0	0.0	0965_2Heptenoic_acid_d8247f59f4		
998	1Hexyloxy13methylbutoxyhexane	57355543	1	0.0	0.0	0.0	0998_1Hexyloxy13methylbutoxyhexane_400d9ddddc		
997	Hexanal_dihexyl_acetal	118530	1	0.0	0.0	0.0	0997_Hexanal_dihexyl_acetal_37c4635370		
996	Hexanal_butane23diol_acetal	11084346	1	0.0	0.0	0.0	0996_Hexanal_butane23diol_acetal_47cd50c594		
983	Heptyl_phydroxybenzoate	14138	1	6.0	0.0	0.0	0983_Heptyl_phydroxybenzoate_160e8cb11e	fasstrecords	skipped
993	deltaHexalactone	13204	1	0.0	0.0	0.0	0993_deltaHexalactone_7a5993d571		
992	24Hexadienyl_propionate_2E4E	6386721	1	0.0	0.0	0.0	0992_24Hexadienyl_propionate_2E4E_6e90816c25		
991	2E4E24Hexadien1yl_2methylpropanoate	5978897	1	0.0	0.0	0.0	0991_2E4E24Hexadien1yl_2methylpropanoate_52204d56dc		
990	24Hexadienyl_butyrate_2E4E	6537958	1	0.0	0.0	0.0	0990_24Hexadienyl_butyrate_2E4E_d0f595a375		
989	Sorbyl_acetate	5363491	1	0.0	0.0	0.0	0989_Sorbyl_acetate_4f7286740b		
988	24Hexadien1OL	8104	1	0.0	0.0	0.0	0988_24Hexadien1OL_b45fd577c8		
987	Cetyl_Lactate	37098	1	0.0	0.0	0.0	0987_Cetyl_Lactate_e30a8a1aec		
986	Omega6Hexadecenlactone	6515677	1	0.0	0.0	0.0	0986_Omega6Hexadecenlactone_c752d022fc		
985	5Hexadecanolide	110976	1	0.0	0.0	0.0	0985_5Hexadecanolide_dfee8c5e5e		
995	Hexanal	6184	1	0.0	0.0	0.0	0995_Hexanal_3ada493953		
1039	2Hexenyl_pentanoate_2E	5352974	1	0.0	0.0	0.0	1039_2Hexenyl_pentanoate_2E_89942c445b		
1038	3Hexenyl_pyruvate_3Z	5363291	1	0.0	0.0	0.0	1038_3Hexenyl_pyruvate_3Z_04959fda78		
1037	cis3Hexenyl_propionate	5365049	1	0.0	0.0	0.0	1037_cis3Hexenyl_propionate_e6d92b62ed		
1036	2Hexenyl_propionate_2E	5352463	1	0.0	0.0	0.0	1036_2Hexenyl_propionate_2E_1c89f876e0		
1035	3Hexenyl_phenylacetate_3Z	5367698	1	0.0	0.0	0.0	1035_3Hexenyl_phenylacetate_3Z_17e5f3dfbb		
1034	2Hexenyl_octanoate_E	5365136	1	0.0	0.0	0.0	1034_2Hexenyl_octanoate_E_2b9d7009e0		
1033	3Hexenyl_2methylbutyrate	61467	1	0.0	0.0	0.0	1033_3Hexenyl_2methylbutyrate_29972d8341		
1032	3Hexenyl_lactate_3Z	5364231	1	0.0	0.0	0.0	1032_3Hexenyl_lactate_3Z_fc23d6474e		
1028	Hexenyl_isobutanoate_3Z	5352539	1	0.0	0.0	0.0	1028_Hexenyl_isobutanoate_3Z_585182af8c		
1062	Hexyl_2methylbutyrate	24838	1	0.0	0.0	0.0	1062_Hexyl_2methylbutyrate_0d4df8a78b		
1061	Hexyl_3mercaptobutanoate	9964407	1	0.0	0.0	0.0	1061_Hexyl_3mercaptobutanoate_c33063f6c0		
1060	2Hexyl5_or_6keto14dioxane	6455146	1	0.0	0.0	0.0	1060_2Hexyl5_or_6keto14dioxane_c6e4433e60		
1059	Hexyl_isovalerate	61455	1	0.0	0.0	0.0	1059_Hexyl_isovalerate_74113de678		
1058	Hexyl_isothiocyanate	78120	1	0.0	0.0	0.0	1058_Hexyl_isothiocyanate_17b8537fd9		
1057	Hexyl_isobutyrate	16872	1	0.0	0.0	0.0	1057_Hexyl_isobutyrate_08db6b423d		
1056	2Hexylidenecyclopentanone	6385721	1	0.0	0.0	0.0	1056_2Hexylidenecyclopentanone_1862fdc058		
1055	Hexyl_2hexenoate_2E	6435861	1	0.0	0.0	0.0	1055_Hexyl_2hexenoate_2E_259f8f35d4		
1054	Hexyl_hexanoate	22873	1	0.0	0.0	0.0	1054_Hexyl_hexanoate_e4503d019f		
1031	Butanoic_acid_3methyl_3hexen1yl_ester	6154324	1	0.0	0.0	0.0	1031_Butanoic_acid_3methyl_3hexen1yl_ester_ee12a4ea89		
1027	2Hexenyl_formate_2E	5352972	1	0.0	0.0	0.0	1027_2Hexenyl_formate_2E_59bba670e7		
1026	trans2HEXENYL_BUTYRATE	5352461	1	0.0	0.0	0.0	1026_trans2HEXENYL_BUTYRATE_8802b52ce8		
1025	3Hexenyl_benzoate_3Z	5367706	1	0.0	0.0	0.0	1025_3Hexenyl_benzoate_3Z_37b7cda61a		
1024	3Hexenyl_anthranilate_3Z	5372353	1	0.0	0.0	0.0	1024_3Hexenyl_anthranilate_3Z_ae6beb19b0		
1023	5Hexen1ol	69963	1	0.0	0.0	0.0	1023_5Hexen1ol_bcc281730b		
1022	E4Hexen1ol	641248	1	0.0	0.0	0.0	1022_E4Hexen1ol_5f8b789bd5		
1021	2Hexen1ol_2Z	5324489	1	0.0	0.0	0.0	1021_2Hexen1ol_2Z_98a5afff7c		
1020	2Hexen1ol	5318042	1	0.0	0.0	0.0	1020_2Hexen1ol_ca95021ace		
1040	Hexenyl_valerate_3Z	5367682	1	0.0	0.0	0.0	1040_Hexenyl_valerate_3Z_fc8b5e4334		
1018	Hex3enoic_acid	20200	1	0.0	0.0	0.0	1018_Hex3enoic_acid_cfebdffb40		
1017	trans3Hexenoic_acid	5282708	1	0.0	0.0	0.0	1017_trans3Hexenoic_acid_2b57e39ea0		
1015	3Hexenyl_2hexenoate_3Z2E	5367679	1	2.0	0.0	0.0	1015_3Hexenyl_2hexenoate_3Z2E_a98760e7ba	fasstrecords	skipped
1046	Hexyl_crotonate	5366038	1	0.0	0.0	0.0	1046_Hexyl_crotonate_edfd7b0e89		
1045	Hexyl_benzoate	23235	1	0.0	0.0	0.0	1045_Hexyl_benzoate_05ed83fdff		
1044	Hexylamine	8102	1	5.0	0.0	0.0	1044_Hexylamine_6b86267827	fasstrecords	skipped
1043	1Hexanol	8103	1	0.0	0.0	0.0	1043_1Hexanol_a0ebc1a7ee		
1042	2Hexyl4acetoxytetrahydrofuran	61457	1	0.0	0.0	0.0	1042_2Hexyl4acetoxytetrahydrofuran_5115dee9c5		
1041	Hexyl_acetate	8908	1	0.0	0.0	0.0	1041_Hexyl_acetate_10b091be48		
1019	1Hexen3Ol	20928	1	0.0	0.0	0.0	1019_1Hexen3Ol_eb22a991a4		
1201	Sodium_Metaphosphate	16133893	1				1201_Sodium_Metaphosphate_086c02d95e		
